-44,-37,DBX6m+vzzJs7Jf9+HbVyftqydf0=,ryAzL998rNxUF4m7yOnGIpEPWgo=
-45,-36,DBX6m+vzzJs7Jf9+HbVyftqydf0=,ryAzL998rNxUF4m7yOnGIpEPWgo=
-44,-36,DBX6m+vzzJs7Jf9+HbVyftqydf0=,ryAzL998rNxUF4m7yOnGIpEPWgo=
-45,-37,DBX6m+vzzJs7Jf9+HbVyftqydf0=,ryAzL998rNxUF4m7yOnGIpEPWgo=
-44,-35,DBX6m+vzzJs7Jf9+HbVyftqydf0=,ryAzL998rNxUF4m7yOnGIpEPWgo=
-44,-33,DBX6m+vzzJs7Jf9+HbVyftqydf0=,ryAzL998rNxUF4m7yOnGIpEPWgo=
-45,-34,DBX6m+vzzJs7Jf9+HbVyftqydf0=,ryAzL998rNxUF4m7yOnGIpEPWgo=
-44,-34,DBX6m+vzzJs7Jf9+HbVyftqydf0=,ryAzL998rNxUF4m7yOnGIpEPWgo=
-45,-35,DBX6m+vzzJs7Jf9+HbVyftqydf0=,ryAzL998rNxUF4m7yOnGIpEPWgo=
-45,-33,DBX6m+vzzJs7Jf9+HbVyftqydf0=,ryAzL998rNxUF4m7yOnGIpEPWgo=
-48,-36,gnIl3/0pvx0ORmTXuBxv067LR6U=,ryAzL998rNxUF4m7yOnGIpEPWgo=
-47,-36,gnIl3/0pvx0ORmTXuBxv067LR6U=,ryAzL998rNxUF4m7yOnGIpEPWgo=
-46,-36,gnIl3/0pvx0ORmTXuBxv067LR6U=,ryAzL998rNxUF4m7yOnGIpEPWgo=
-48,-37,gnIl3/0pvx0ORmTXuBxv067LR6U=,ryAzL998rNxUF4m7yOnGIpEPWgo=
-47,-37,gnIl3/0pvx0ORmTXuBxv067LR6U=,ryAzL998rNxUF4m7yOnGIpEPWgo=
-46,-37,gnIl3/0pvx0ORmTXuBxv067LR6U=,ryAzL998rNxUF4m7yOnGIpEPWgo=
-48,-34,YeOQ+spm8pIZ0UJ79Zk7ZRKtfaA=,ryAzL998rNxUF4m7yOnGIpEPWgo=
-47,-34,YeOQ+spm8pIZ0UJ79Zk7ZRKtfaA=,ryAzL998rNxUF4m7yOnGIpEPWgo=
-46,-34,YeOQ+spm8pIZ0UJ79Zk7ZRKtfaA=,ryAzL998rNxUF4m7yOnGIpEPWgo=
-48,-35,YeOQ+spm8pIZ0UJ79Zk7ZRKtfaA=,ryAzL998rNxUF4m7yOnGIpEPWgo=
-48,-33,YeOQ+spm8pIZ0UJ79Zk7ZRKtfaA=,ryAzL998rNxUF4m7yOnGIpEPWgo=
-47,-33,YeOQ+spm8pIZ0UJ79Zk7ZRKtfaA=,ryAzL998rNxUF4m7yOnGIpEPWgo=
-46,-33,YeOQ+spm8pIZ0UJ79Zk7ZRKtfaA=,ryAzL998rNxUF4m7yOnGIpEPWgo=
-47,-35,YeOQ+spm8pIZ0UJ79Zk7ZRKtfaA=,ryAzL998rNxUF4m7yOnGIpEPWgo=
-46,-35,YeOQ+spm8pIZ0UJ79Zk7ZRKtfaA=,ryAzL998rNxUF4m7yOnGIpEPWgo=
-36,-46,1AymDYPC1qU8A9ypeI7njZC3tbw=,p+41OoI8CsS3CW/isGjsEDsJ8bU=
-37,-46,1AymDYPC1qU8A9ypeI7njZC3tbw=,p+41OoI8CsS3CW/isGjsEDsJ8bU=
-33,-44,1AymDYPC1qU8A9ypeI7njZC3tbw=,p+41OoI8CsS3CW/isGjsEDsJ8bU=
-35,-46,1AymDYPC1qU8A9ypeI7njZC3tbw=,p+41OoI8CsS3CW/isGjsEDsJ8bU=
-34,-44,1AymDYPC1qU8A9ypeI7njZC3tbw=,p+41OoI8CsS3CW/isGjsEDsJ8bU=
-34,-46,1AymDYPC1qU8A9ypeI7njZC3tbw=,p+41OoI8CsS3CW/isGjsEDsJ8bU=
-35,-44,1AymDYPC1qU8A9ypeI7njZC3tbw=,p+41OoI8CsS3CW/isGjsEDsJ8bU=
-34,-47,1AymDYPC1qU8A9ypeI7njZC3tbw=,p+41OoI8CsS3CW/isGjsEDsJ8bU=
-33,-46,1AymDYPC1qU8A9ypeI7njZC3tbw=,p+41OoI8CsS3CW/isGjsEDsJ8bU=
-33,-47,1AymDYPC1qU8A9ypeI7njZC3tbw=,p+41OoI8CsS3CW/isGjsEDsJ8bU=
-35,-47,1AymDYPC1qU8A9ypeI7njZC3tbw=,p+41OoI8CsS3CW/isGjsEDsJ8bU=
-36,-47,1AymDYPC1qU8A9ypeI7njZC3tbw=,p+41OoI8CsS3CW/isGjsEDsJ8bU=
-37,-47,1AymDYPC1qU8A9ypeI7njZC3tbw=,p+41OoI8CsS3CW/isGjsEDsJ8bU=
-33,-48,1AymDYPC1qU8A9ypeI7njZC3tbw=,p+41OoI8CsS3CW/isGjsEDsJ8bU=
-36,-44,1AymDYPC1qU8A9ypeI7njZC3tbw=,p+41OoI8CsS3CW/isGjsEDsJ8bU=
-34,-48,1AymDYPC1qU8A9ypeI7njZC3tbw=,p+41OoI8CsS3CW/isGjsEDsJ8bU=
-36,-48,1AymDYPC1qU8A9ypeI7njZC3tbw=,p+41OoI8CsS3CW/isGjsEDsJ8bU=
-35,-48,1AymDYPC1qU8A9ypeI7njZC3tbw=,p+41OoI8CsS3CW/isGjsEDsJ8bU=
-37,-48,1AymDYPC1qU8A9ypeI7njZC3tbw=,p+41OoI8CsS3CW/isGjsEDsJ8bU=
-37,-45,1AymDYPC1qU8A9ypeI7njZC3tbw=,p+41OoI8CsS3CW/isGjsEDsJ8bU=
-37,-44,1AymDYPC1qU8A9ypeI7njZC3tbw=,p+41OoI8CsS3CW/isGjsEDsJ8bU=
-33,-45,1AymDYPC1qU8A9ypeI7njZC3tbw=,p+41OoI8CsS3CW/isGjsEDsJ8bU=
-36,-45,1AymDYPC1qU8A9ypeI7njZC3tbw=,p+41OoI8CsS3CW/isGjsEDsJ8bU=
-35,-45,1AymDYPC1qU8A9ypeI7njZC3tbw=,p+41OoI8CsS3CW/isGjsEDsJ8bU=
-34,-45,1AymDYPC1qU8A9ypeI7njZC3tbw=,p+41OoI8CsS3CW/isGjsEDsJ8bU=
-41,-47,7UYIkXxBOmTieoGpaazr/ga+rqg=,Oqkr3VLi+jAL0xugEd/GMbXx30s=
-41,-48,7UYIkXxBOmTieoGpaazr/ga+rqg=,Oqkr3VLi+jAL0xugEd/GMbXx30s=
-47,-47,7UYIkXxBOmTieoGpaazr/ga+rqg=,Oqkr3VLi+jAL0xugEd/GMbXx30s=
-42,-47,7UYIkXxBOmTieoGpaazr/ga+rqg=,Oqkr3VLi+jAL0xugEd/GMbXx30s=
-38,-46,7UYIkXxBOmTieoGpaazr/ga+rqg=,p+41OoI8CsS3CW/isGjsEDsJ8bU=
-42,-48,7UYIkXxBOmTieoGpaazr/ga+rqg=,Oqkr3VLi+jAL0xugEd/GMbXx30s=
-44,-38,7UYIkXxBOmTieoGpaazr/ga+rqg=,ryAzL998rNxUF4m7yOnGIpEPWgo=
-48,-47,7UYIkXxBOmTieoGpaazr/ga+rqg=,Oqkr3VLi+jAL0xugEd/GMbXx30s=
-45,-38,7UYIkXxBOmTieoGpaazr/ga+rqg=,ryAzL998rNxUF4m7yOnGIpEPWgo=
-43,-48,7UYIkXxBOmTieoGpaazr/ga+rqg=,Oqkr3VLi+jAL0xugEd/GMbXx30s=
-44,-45,7UYIkXxBOmTieoGpaazr/ga+rqg=,Oqkr3VLi+jAL0xugEd/GMbXx30s=
-44,-47,7UYIkXxBOmTieoGpaazr/ga+rqg=,Oqkr3VLi+jAL0xugEd/GMbXx30s=
-46,-38,7UYIkXxBOmTieoGpaazr/ga+rqg=,ryAzL998rNxUF4m7yOnGIpEPWgo=
-47,-38,7UYIkXxBOmTieoGpaazr/ga+rqg=,ryAzL998rNxUF4m7yOnGIpEPWgo=
-48,-38,7UYIkXxBOmTieoGpaazr/ga+rqg=,ryAzL998rNxUF4m7yOnGIpEPWgo=
-39,-46,7UYIkXxBOmTieoGpaazr/ga+rqg=,p+41OoI8CsS3CW/isGjsEDsJ8bU=
-45,-39,7UYIkXxBOmTieoGpaazr/ga+rqg=,ryAzL998rNxUF4m7yOnGIpEPWgo=
-44,-39,7UYIkXxBOmTieoGpaazr/ga+rqg=,ryAzL998rNxUF4m7yOnGIpEPWgo=
-45,-48,7UYIkXxBOmTieoGpaazr/ga+rqg=,Oqkr3VLi+jAL0xugEd/GMbXx30s=
-46,-48,7UYIkXxBOmTieoGpaazr/ga+rqg=,Oqkr3VLi+jAL0xugEd/GMbXx30s=
-43,-47,7UYIkXxBOmTieoGpaazr/ga+rqg=,Oqkr3VLi+jAL0xugEd/GMbXx30s=
-46,-39,7UYIkXxBOmTieoGpaazr/ga+rqg=,ryAzL998rNxUF4m7yOnGIpEPWgo=
-48,-48,7UYIkXxBOmTieoGpaazr/ga+rqg=,Oqkr3VLi+jAL0xugEd/GMbXx30s=
-44,-48,7UYIkXxBOmTieoGpaazr/ga+rqg=,Oqkr3VLi+jAL0xugEd/GMbXx30s=
-43,-46,7UYIkXxBOmTieoGpaazr/ga+rqg=,Oqkr3VLi+jAL0xugEd/GMbXx30s=
-47,-39,7UYIkXxBOmTieoGpaazr/ga+rqg=,ryAzL998rNxUF4m7yOnGIpEPWgo=
-45,-47,7UYIkXxBOmTieoGpaazr/ga+rqg=,Oqkr3VLi+jAL0xugEd/GMbXx30s=
-47,-48,7UYIkXxBOmTieoGpaazr/ga+rqg=,Oqkr3VLi+jAL0xugEd/GMbXx30s=
-38,-47,7UYIkXxBOmTieoGpaazr/ga+rqg=,p+41OoI8CsS3CW/isGjsEDsJ8bU=
-46,-47,7UYIkXxBOmTieoGpaazr/ga+rqg=,Oqkr3VLi+jAL0xugEd/GMbXx30s=
-48,-39,7UYIkXxBOmTieoGpaazr/ga+rqg=,ryAzL998rNxUF4m7yOnGIpEPWgo=
-39,-47,7UYIkXxBOmTieoGpaazr/ga+rqg=,p+41OoI8CsS3CW/isGjsEDsJ8bU=
-43,-45,7UYIkXxBOmTieoGpaazr/ga+rqg=,Oqkr3VLi+jAL0xugEd/GMbXx30s=
-40,-47,7UYIkXxBOmTieoGpaazr/ga+rqg=,p+41OoI8CsS3CW/isGjsEDsJ8bU=
-45,-45,7UYIkXxBOmTieoGpaazr/ga+rqg=,Oqkr3VLi+jAL0xugEd/GMbXx30s=
-40,-46,7UYIkXxBOmTieoGpaazr/ga+rqg=,p+41OoI8CsS3CW/isGjsEDsJ8bU=
-45,-40,7UYIkXxBOmTieoGpaazr/ga+rqg=,ryAzL998rNxUF4m7yOnGIpEPWgo=
-46,-40,7UYIkXxBOmTieoGpaazr/ga+rqg=,ryAzL998rNxUF4m7yOnGIpEPWgo=
-47,-40,7UYIkXxBOmTieoGpaazr/ga+rqg=,ryAzL998rNxUF4m7yOnGIpEPWgo=
-48,-40,7UYIkXxBOmTieoGpaazr/ga+rqg=,ryAzL998rNxUF4m7yOnGIpEPWgo=
-42,-45,7UYIkXxBOmTieoGpaazr/ga+rqg=,Oqkr3VLi+jAL0xugEd/GMbXx30s=
-46,-45,7UYIkXxBOmTieoGpaazr/ga+rqg=,Oqkr3VLi+jAL0xugEd/GMbXx30s=
-47,-46,7UYIkXxBOmTieoGpaazr/ga+rqg=,Oqkr3VLi+jAL0xugEd/GMbXx30s=
-41,-45,7UYIkXxBOmTieoGpaazr/ga+rqg=,Oqkr3VLi+jAL0xugEd/GMbXx30s=
-44,-41,7UYIkXxBOmTieoGpaazr/ga+rqg=,Oqkr3VLi+jAL0xugEd/GMbXx30s=
-45,-46,7UYIkXxBOmTieoGpaazr/ga+rqg=,Oqkr3VLi+jAL0xugEd/GMbXx30s=
-46,-41,7UYIkXxBOmTieoGpaazr/ga+rqg=,Oqkr3VLi+jAL0xugEd/GMbXx30s=
-47,-41,7UYIkXxBOmTieoGpaazr/ga+rqg=,Oqkr3VLi+jAL0xugEd/GMbXx30s=
-47,-45,7UYIkXxBOmTieoGpaazr/ga+rqg=,Oqkr3VLi+jAL0xugEd/GMbXx30s=
-48,-41,7UYIkXxBOmTieoGpaazr/ga+rqg=,Oqkr3VLi+jAL0xugEd/GMbXx30s=
-46,-46,7UYIkXxBOmTieoGpaazr/ga+rqg=,Oqkr3VLi+jAL0xugEd/GMbXx30s=
-44,-40,7UYIkXxBOmTieoGpaazr/ga+rqg=,ryAzL998rNxUF4m7yOnGIpEPWgo=
-44,-46,7UYIkXxBOmTieoGpaazr/ga+rqg=,Oqkr3VLi+jAL0xugEd/GMbXx30s=
-45,-41,7UYIkXxBOmTieoGpaazr/ga+rqg=,Oqkr3VLi+jAL0xugEd/GMbXx30s=
-38,-48,7UYIkXxBOmTieoGpaazr/ga+rqg=,p+41OoI8CsS3CW/isGjsEDsJ8bU=
-48,-45,7UYIkXxBOmTieoGpaazr/ga+rqg=,Oqkr3VLi+jAL0xugEd/GMbXx30s=
-48,-46,7UYIkXxBOmTieoGpaazr/ga+rqg=,Oqkr3VLi+jAL0xugEd/GMbXx30s=
-47,-42,7UYIkXxBOmTieoGpaazr/ga+rqg=,Oqkr3VLi+jAL0xugEd/GMbXx30s=
-39,-48,7UYIkXxBOmTieoGpaazr/ga+rqg=,p+41OoI8CsS3CW/isGjsEDsJ8bU=
-48,-44,7UYIkXxBOmTieoGpaazr/ga+rqg=,Oqkr3VLi+jAL0xugEd/GMbXx30s=
-48,-42,7UYIkXxBOmTieoGpaazr/ga+rqg=,Oqkr3VLi+jAL0xugEd/GMbXx30s=
-44,-42,7UYIkXxBOmTieoGpaazr/ga+rqg=,Oqkr3VLi+jAL0xugEd/GMbXx30s=
-46,-42,7UYIkXxBOmTieoGpaazr/ga+rqg=,Oqkr3VLi+jAL0xugEd/GMbXx30s=
-40,-48,7UYIkXxBOmTieoGpaazr/ga+rqg=,p+41OoI8CsS3CW/isGjsEDsJ8bU=
-38,-44,7UYIkXxBOmTieoGpaazr/ga+rqg=,p+41OoI8CsS3CW/isGjsEDsJ8bU=
-44,-43,7UYIkXxBOmTieoGpaazr/ga+rqg=,Oqkr3VLi+jAL0xugEd/GMbXx30s=
-39,-44,7UYIkXxBOmTieoGpaazr/ga+rqg=,p+41OoI8CsS3CW/isGjsEDsJ8bU=
-45,-43,7UYIkXxBOmTieoGpaazr/ga+rqg=,Oqkr3VLi+jAL0xugEd/GMbXx30s=
-45,-42,7UYIkXxBOmTieoGpaazr/ga+rqg=,Oqkr3VLi+jAL0xugEd/GMbXx30s=
-41,-44,7UYIkXxBOmTieoGpaazr/ga+rqg=,Oqkr3VLi+jAL0xugEd/GMbXx30s=
-48,-43,7UYIkXxBOmTieoGpaazr/ga+rqg=,Oqkr3VLi+jAL0xugEd/GMbXx30s=
-41,-46,7UYIkXxBOmTieoGpaazr/ga+rqg=,Oqkr3VLi+jAL0xugEd/GMbXx30s=
-47,-43,7UYIkXxBOmTieoGpaazr/ga+rqg=,Oqkr3VLi+jAL0xugEd/GMbXx30s=
-40,-44,7UYIkXxBOmTieoGpaazr/ga+rqg=,p+41OoI8CsS3CW/isGjsEDsJ8bU=
-46,-43,7UYIkXxBOmTieoGpaazr/ga+rqg=,Oqkr3VLi+jAL0xugEd/GMbXx30s=
-47,-44,7UYIkXxBOmTieoGpaazr/ga+rqg=,Oqkr3VLi+jAL0xugEd/GMbXx30s=
-46,-44,7UYIkXxBOmTieoGpaazr/ga+rqg=,Oqkr3VLi+jAL0xugEd/GMbXx30s=
-42,-46,7UYIkXxBOmTieoGpaazr/ga+rqg=,Oqkr3VLi+jAL0xugEd/GMbXx30s=
-43,-44,7UYIkXxBOmTieoGpaazr/ga+rqg=,Oqkr3VLi+jAL0xugEd/GMbXx30s=
-40,-45,7UYIkXxBOmTieoGpaazr/ga+rqg=,p+41OoI8CsS3CW/isGjsEDsJ8bU=
-39,-45,7UYIkXxBOmTieoGpaazr/ga+rqg=,p+41OoI8CsS3CW/isGjsEDsJ8bU=
-45,-44,7UYIkXxBOmTieoGpaazr/ga+rqg=,Oqkr3VLi+jAL0xugEd/GMbXx30s=
-42,-44,7UYIkXxBOmTieoGpaazr/ga+rqg=,Oqkr3VLi+jAL0xugEd/GMbXx30s=
-38,-45,7UYIkXxBOmTieoGpaazr/ga+rqg=,p+41OoI8CsS3CW/isGjsEDsJ8bU=
-44,-44,7UYIkXxBOmTieoGpaazr/ga+rqg=,Oqkr3VLi+jAL0xugEd/GMbXx30s=
-41,-33,BTAseh0Q6/WSL6LZSJOHkUHuKQ0=,ryAzL998rNxUF4m7yOnGIpEPWgo=
-39,-33,BTAseh0Q6/WSL6LZSJOHkUHuKQ0=,EvhkIqv1QIAR+UOAhRFv4XyEpYE=
-38,-33,BTAseh0Q6/WSL6LZSJOHkUHuKQ0=,EvhkIqv1QIAR+UOAhRFv4XyEpYE=
-41,-38,BTAseh0Q6/WSL6LZSJOHkUHuKQ0=,ryAzL998rNxUF4m7yOnGIpEPWgo=
-40,-33,BTAseh0Q6/WSL6LZSJOHkUHuKQ0=,EvhkIqv1QIAR+UOAhRFv4XyEpYE=
-42,-38,BTAseh0Q6/WSL6LZSJOHkUHuKQ0=,ryAzL998rNxUF4m7yOnGIpEPWgo=
-37,-33,BTAseh0Q6/WSL6LZSJOHkUHuKQ0=,EvhkIqv1QIAR+UOAhRFv4XyEpYE=
-38,-43,BTAseh0Q6/WSL6LZSJOHkUHuKQ0=,p+41OoI8CsS3CW/isGjsEDsJ8bU=
-36,-33,BTAseh0Q6/WSL6LZSJOHkUHuKQ0=,EvhkIqv1QIAR+UOAhRFv4XyEpYE=
-39,-35,BTAseh0Q6/WSL6LZSJOHkUHuKQ0=,EvhkIqv1QIAR+UOAhRFv4XyEpYE=
-40,-35,BTAseh0Q6/WSL6LZSJOHkUHuKQ0=,EvhkIqv1QIAR+UOAhRFv4XyEpYE=
-43,-38,BTAseh0Q6/WSL6LZSJOHkUHuKQ0=,ryAzL998rNxUF4m7yOnGIpEPWgo=
-37,-43,BTAseh0Q6/WSL6LZSJOHkUHuKQ0=,p+41OoI8CsS3CW/isGjsEDsJ8bU=
-39,-34,BTAseh0Q6/WSL6LZSJOHkUHuKQ0=,EvhkIqv1QIAR+UOAhRFv4XyEpYE=
-42,-36,BTAseh0Q6/WSL6LZSJOHkUHuKQ0=,ryAzL998rNxUF4m7yOnGIpEPWgo=
-41,-36,BTAseh0Q6/WSL6LZSJOHkUHuKQ0=,ryAzL998rNxUF4m7yOnGIpEPWgo=
-42,-39,BTAseh0Q6/WSL6LZSJOHkUHuKQ0=,ryAzL998rNxUF4m7yOnGIpEPWgo=
-40,-34,BTAseh0Q6/WSL6LZSJOHkUHuKQ0=,EvhkIqv1QIAR+UOAhRFv4XyEpYE=
-33,-34,BTAseh0Q6/WSL6LZSJOHkUHuKQ0=,EvhkIqv1QIAR+UOAhRFv4XyEpYE=
-41,-39,BTAseh0Q6/WSL6LZSJOHkUHuKQ0=,ryAzL998rNxUF4m7yOnGIpEPWgo=
-41,-34,BTAseh0Q6/WSL6LZSJOHkUHuKQ0=,ryAzL998rNxUF4m7yOnGIpEPWgo=
-43,-36,BTAseh0Q6/WSL6LZSJOHkUHuKQ0=,ryAzL998rNxUF4m7yOnGIpEPWgo=
-42,-34,BTAseh0Q6/WSL6LZSJOHkUHuKQ0=,ryAzL998rNxUF4m7yOnGIpEPWgo=
-43,-39,BTAseh0Q6/WSL6LZSJOHkUHuKQ0=,ryAzL998rNxUF4m7yOnGIpEPWgo=
-35,-34,BTAseh0Q6/WSL6LZSJOHkUHuKQ0=,EvhkIqv1QIAR+UOAhRFv4XyEpYE=
-39,-43,BTAseh0Q6/WSL6LZSJOHkUHuKQ0=,p+41OoI8CsS3CW/isGjsEDsJ8bU=
-40,-43,BTAseh0Q6/WSL6LZSJOHkUHuKQ0=,p+41OoI8CsS3CW/isGjsEDsJ8bU=
-34,-36,BTAseh0Q6/WSL6LZSJOHkUHuKQ0=,EvhkIqv1QIAR+UOAhRFv4XyEpYE=
-38,-34,BTAseh0Q6/WSL6LZSJOHkUHuKQ0=,EvhkIqv1QIAR+UOAhRFv4XyEpYE=
-43,-34,BTAseh0Q6/WSL6LZSJOHkUHuKQ0=,ryAzL998rNxUF4m7yOnGIpEPWgo=
-33,-36,BTAseh0Q6/WSL6LZSJOHkUHuKQ0=,EvhkIqv1QIAR+UOAhRFv4XyEpYE=
-34,-34,BTAseh0Q6/WSL6LZSJOHkUHuKQ0=,EvhkIqv1QIAR+UOAhRFv4XyEpYE=
-33,-43,BTAseh0Q6/WSL6LZSJOHkUHuKQ0=,p+41OoI8CsS3CW/isGjsEDsJ8bU=
-35,-41,BTAseh0Q6/WSL6LZSJOHkUHuKQ0=,p+41OoI8CsS3CW/isGjsEDsJ8bU=
-38,-38,BTAseh0Q6/WSL6LZSJOHkUHuKQ0=,EvhkIqv1QIAR+UOAhRFv4XyEpYE=
-43,-35,BTAseh0Q6/WSL6LZSJOHkUHuKQ0=,ryAzL998rNxUF4m7yOnGIpEPWgo=
-42,-35,BTAseh0Q6/WSL6LZSJOHkUHuKQ0=,ryAzL998rNxUF4m7yOnGIpEPWgo=
-33,-41,BTAseh0Q6/WSL6LZSJOHkUHuKQ0=,p+41OoI8CsS3CW/isGjsEDsJ8bU=
-36,-41,BTAseh0Q6/WSL6LZSJOHkUHuKQ0=,p+41OoI8CsS3CW/isGjsEDsJ8bU=
-40,-42,BTAseh0Q6/WSL6LZSJOHkUHuKQ0=,p+41OoI8CsS3CW/isGjsEDsJ8bU=
-33,-35,BTAseh0Q6/WSL6LZSJOHkUHuKQ0=,EvhkIqv1QIAR+UOAhRFv4XyEpYE=
-39,-42,BTAseh0Q6/WSL6LZSJOHkUHuKQ0=,p+41OoI8CsS3CW/isGjsEDsJ8bU=
-39,-38,BTAseh0Q6/WSL6LZSJOHkUHuKQ0=,EvhkIqv1QIAR+UOAhRFv4XyEpYE=
-41,-37,BTAseh0Q6/WSL6LZSJOHkUHuKQ0=,ryAzL998rNxUF4m7yOnGIpEPWgo=
-37,-38,BTAseh0Q6/WSL6LZSJOHkUHuKQ0=,EvhkIqv1QIAR+UOAhRFv4XyEpYE=
-33,-39,BTAseh0Q6/WSL6LZSJOHkUHuKQ0=,EvhkIqv1QIAR+UOAhRFv4XyEpYE=
-41,-35,BTAseh0Q6/WSL6LZSJOHkUHuKQ0=,ryAzL998rNxUF4m7yOnGIpEPWgo=
-40,-38,BTAseh0Q6/WSL6LZSJOHkUHuKQ0=,EvhkIqv1QIAR+UOAhRFv4XyEpYE=
-36,-34,BTAseh0Q6/WSL6LZSJOHkUHuKQ0=,EvhkIqv1QIAR+UOAhRFv4XyEpYE=
-38,-41,BTAseh0Q6/WSL6LZSJOHkUHuKQ0=,p+41OoI8CsS3CW/isGjsEDsJ8bU=
-37,-34,BTAseh0Q6/WSL6LZSJOHkUHuKQ0=,EvhkIqv1QIAR+UOAhRFv4XyEpYE=
-34,-41,BTAseh0Q6/WSL6LZSJOHkUHuKQ0=,p+41OoI8CsS3CW/isGjsEDsJ8bU=
-40,-39,BTAseh0Q6/WSL6LZSJOHkUHuKQ0=,EvhkIqv1QIAR+UOAhRFv4XyEpYE=
-35,-43,BTAseh0Q6/WSL6LZSJOHkUHuKQ0=,p+41OoI8CsS3CW/isGjsEDsJ8bU=
-34,-43,BTAseh0Q6/WSL6LZSJOHkUHuKQ0=,p+41OoI8CsS3CW/isGjsEDsJ8bU=
-37,-36,BTAseh0Q6/WSL6LZSJOHkUHuKQ0=,EvhkIqv1QIAR+UOAhRFv4XyEpYE=
-35,-36,BTAseh0Q6/WSL6LZSJOHkUHuKQ0=,EvhkIqv1QIAR+UOAhRFv4XyEpYE=
-34,-35,BTAseh0Q6/WSL6LZSJOHkUHuKQ0=,EvhkIqv1QIAR+UOAhRFv4XyEpYE=
-39,-41,BTAseh0Q6/WSL6LZSJOHkUHuKQ0=,p+41OoI8CsS3CW/isGjsEDsJ8bU=
-40,-41,BTAseh0Q6/WSL6LZSJOHkUHuKQ0=,p+41OoI8CsS3CW/isGjsEDsJ8bU=
-33,-42,BTAseh0Q6/WSL6LZSJOHkUHuKQ0=,p+41OoI8CsS3CW/isGjsEDsJ8bU=
-36,-36,BTAseh0Q6/WSL6LZSJOHkUHuKQ0=,EvhkIqv1QIAR+UOAhRFv4XyEpYE=
-38,-36,BTAseh0Q6/WSL6LZSJOHkUHuKQ0=,EvhkIqv1QIAR+UOAhRFv4XyEpYE=
-34,-42,BTAseh0Q6/WSL6LZSJOHkUHuKQ0=,p+41OoI8CsS3CW/isGjsEDsJ8bU=
-42,-33,BTAseh0Q6/WSL6LZSJOHkUHuKQ0=,ryAzL998rNxUF4m7yOnGIpEPWgo=
-37,-41,BTAseh0Q6/WSL6LZSJOHkUHuKQ0=,p+41OoI8CsS3CW/isGjsEDsJ8bU=
-43,-33,BTAseh0Q6/WSL6LZSJOHkUHuKQ0=,ryAzL998rNxUF4m7yOnGIpEPWgo=
-38,-35,BTAseh0Q6/WSL6LZSJOHkUHuKQ0=,EvhkIqv1QIAR+UOAhRFv4XyEpYE=
-36,-43,BTAseh0Q6/WSL6LZSJOHkUHuKQ0=,p+41OoI8CsS3CW/isGjsEDsJ8bU=
-34,-40,BTAseh0Q6/WSL6LZSJOHkUHuKQ0=,EvhkIqv1QIAR+UOAhRFv4XyEpYE=
-40,-36,BTAseh0Q6/WSL6LZSJOHkUHuKQ0=,EvhkIqv1QIAR+UOAhRFv4XyEpYE=
-35,-39,BTAseh0Q6/WSL6LZSJOHkUHuKQ0=,EvhkIqv1QIAR+UOAhRFv4XyEpYE=
-41,-40,BTAseh0Q6/WSL6LZSJOHkUHuKQ0=,ryAzL998rNxUF4m7yOnGIpEPWgo=
-34,-39,BTAseh0Q6/WSL6LZSJOHkUHuKQ0=,EvhkIqv1QIAR+UOAhRFv4XyEpYE=
-33,-40,BTAseh0Q6/WSL6LZSJOHkUHuKQ0=,EvhkIqv1QIAR+UOAhRFv4XyEpYE=
-43,-40,BTAseh0Q6/WSL6LZSJOHkUHuKQ0=,ryAzL998rNxUF4m7yOnGIpEPWgo=
-35,-37,BTAseh0Q6/WSL6LZSJOHkUHuKQ0=,EvhkIqv1QIAR+UOAhRFv4XyEpYE=
-36,-39,BTAseh0Q6/WSL6LZSJOHkUHuKQ0=,EvhkIqv1QIAR+UOAhRFv4XyEpYE=
-35,-35,BTAseh0Q6/WSL6LZSJOHkUHuKQ0=,EvhkIqv1QIAR+UOAhRFv4XyEpYE=
-42,-37,BTAseh0Q6/WSL6LZSJOHkUHuKQ0=,ryAzL998rNxUF4m7yOnGIpEPWgo=
-36,-37,BTAseh0Q6/WSL6LZSJOHkUHuKQ0=,EvhkIqv1QIAR+UOAhRFv4XyEpYE=
-43,-37,BTAseh0Q6/WSL6LZSJOHkUHuKQ0=,ryAzL998rNxUF4m7yOnGIpEPWgo=
-35,-33,BTAseh0Q6/WSL6LZSJOHkUHuKQ0=,EvhkIqv1QIAR+UOAhRFv4XyEpYE=
-35,-42,BTAseh0Q6/WSL6LZSJOHkUHuKQ0=,p+41OoI8CsS3CW/isGjsEDsJ8bU=
-38,-39,BTAseh0Q6/WSL6LZSJOHkUHuKQ0=,EvhkIqv1QIAR+UOAhRFv4XyEpYE=
-36,-42,BTAseh0Q6/WSL6LZSJOHkUHuKQ0=,p+41OoI8CsS3CW/isGjsEDsJ8bU=
-34,-37,BTAseh0Q6/WSL6LZSJOHkUHuKQ0=,EvhkIqv1QIAR+UOAhRFv4XyEpYE=
-34,-33,BTAseh0Q6/WSL6LZSJOHkUHuKQ0=,EvhkIqv1QIAR+UOAhRFv4XyEpYE=
-33,-37,BTAseh0Q6/WSL6LZSJOHkUHuKQ0=,EvhkIqv1QIAR+UOAhRFv4XyEpYE=
-40,-37,BTAseh0Q6/WSL6LZSJOHkUHuKQ0=,EvhkIqv1QIAR+UOAhRFv4XyEpYE=
-39,-36,BTAseh0Q6/WSL6LZSJOHkUHuKQ0=,EvhkIqv1QIAR+UOAhRFv4XyEpYE=
-33,-38,BTAseh0Q6/WSL6LZSJOHkUHuKQ0=,EvhkIqv1QIAR+UOAhRFv4XyEpYE=
-37,-37,BTAseh0Q6/WSL6LZSJOHkUHuKQ0=,EvhkIqv1QIAR+UOAhRFv4XyEpYE=
-35,-40,BTAseh0Q6/WSL6LZSJOHkUHuKQ0=,EvhkIqv1QIAR+UOAhRFv4XyEpYE=
-37,-39,BTAseh0Q6/WSL6LZSJOHkUHuKQ0=,EvhkIqv1QIAR+UOAhRFv4XyEpYE=
-36,-40,BTAseh0Q6/WSL6LZSJOHkUHuKQ0=,EvhkIqv1QIAR+UOAhRFv4XyEpYE=
-43,-41,BTAseh0Q6/WSL6LZSJOHkUHuKQ0=,Oqkr3VLi+jAL0xugEd/GMbXx30s=
-39,-37,BTAseh0Q6/WSL6LZSJOHkUHuKQ0=,EvhkIqv1QIAR+UOAhRFv4XyEpYE=
-37,-35,BTAseh0Q6/WSL6LZSJOHkUHuKQ0=,EvhkIqv1QIAR+UOAhRFv4XyEpYE=
-36,-35,BTAseh0Q6/WSL6LZSJOHkUHuKQ0=,EvhkIqv1QIAR+UOAhRFv4XyEpYE=
-38,-37,BTAseh0Q6/WSL6LZSJOHkUHuKQ0=,EvhkIqv1QIAR+UOAhRFv4XyEpYE=
-37,-40,BTAseh0Q6/WSL6LZSJOHkUHuKQ0=,EvhkIqv1QIAR+UOAhRFv4XyEpYE=
-42,-40,BTAseh0Q6/WSL6LZSJOHkUHuKQ0=,ryAzL998rNxUF4m7yOnGIpEPWgo=
-42,-42,BTAseh0Q6/WSL6LZSJOHkUHuKQ0=,Oqkr3VLi+jAL0xugEd/GMbXx30s=
-38,-40,BTAseh0Q6/WSL6LZSJOHkUHuKQ0=,EvhkIqv1QIAR+UOAhRFv4XyEpYE=
-39,-40,BTAseh0Q6/WSL6LZSJOHkUHuKQ0=,EvhkIqv1QIAR+UOAhRFv4XyEpYE=
-40,-40,BTAseh0Q6/WSL6LZSJOHkUHuKQ0=,EvhkIqv1QIAR+UOAhRFv4XyEpYE=
-37,-42,BTAseh0Q6/WSL6LZSJOHkUHuKQ0=,p+41OoI8CsS3CW/isGjsEDsJ8bU=
-33,-33,BTAseh0Q6/WSL6LZSJOHkUHuKQ0=,EvhkIqv1QIAR+UOAhRFv4XyEpYE=
-38,-42,BTAseh0Q6/WSL6LZSJOHkUHuKQ0=,p+41OoI8CsS3CW/isGjsEDsJ8bU=
-39,-39,BTAseh0Q6/WSL6LZSJOHkUHuKQ0=,EvhkIqv1QIAR+UOAhRFv4XyEpYE=
-34,-38,BTAseh0Q6/WSL6LZSJOHkUHuKQ0=,EvhkIqv1QIAR+UOAhRFv4XyEpYE=
-42,-43,BTAseh0Q6/WSL6LZSJOHkUHuKQ0=,Oqkr3VLi+jAL0xugEd/GMbXx30s=
-41,-42,BTAseh0Q6/WSL6LZSJOHkUHuKQ0=,Oqkr3VLi+jAL0xugEd/GMbXx30s=
-43,-43,BTAseh0Q6/WSL6LZSJOHkUHuKQ0=,Oqkr3VLi+jAL0xugEd/GMbXx30s=
-36,-38,BTAseh0Q6/WSL6LZSJOHkUHuKQ0=,EvhkIqv1QIAR+UOAhRFv4XyEpYE=
-35,-38,BTAseh0Q6/WSL6LZSJOHkUHuKQ0=,EvhkIqv1QIAR+UOAhRFv4XyEpYE=
-41,-43,BTAseh0Q6/WSL6LZSJOHkUHuKQ0=,Oqkr3VLi+jAL0xugEd/GMbXx30s=
-43,-42,BTAseh0Q6/WSL6LZSJOHkUHuKQ0=,Oqkr3VLi+jAL0xugEd/GMbXx30s=
-42,-41,BTAseh0Q6/WSL6LZSJOHkUHuKQ0=,Oqkr3VLi+jAL0xugEd/GMbXx30s=
-41,-41,BTAseh0Q6/WSL6LZSJOHkUHuKQ0=,Oqkr3VLi+jAL0xugEd/GMbXx30s=
-44,-61,L0P6vivZI0NFEG62fKMged/ZRTw=,rlR6WsjN2+c/JRFUETN7Mbwj/34=
-45,-60,L0P6vivZI0NFEG62fKMged/ZRTw=,rlR6WsjN2+c/JRFUETN7Mbwj/34=
-44,-60,L0P6vivZI0NFEG62fKMged/ZRTw=,rlR6WsjN2+c/JRFUETN7Mbwj/34=
-45,-61,L0P6vivZI0NFEG62fKMged/ZRTw=,rlR6WsjN2+c/JRFUETN7Mbwj/34=
-43,-61,CLrlqK25o6U+SaEwcd69zialrOc=,rlR6WsjN2+c/JRFUETN7Mbwj/34=
-42,-61,CLrlqK25o6U+SaEwcd69zialrOc=,rlR6WsjN2+c/JRFUETN7Mbwj/34=
-41,-61,CLrlqK25o6U+SaEwcd69zialrOc=,rlR6WsjN2+c/JRFUETN7Mbwj/34=
-38,-61,CLrlqK25o6U+SaEwcd69zialrOc=,7CqaoHWI0lDNaKnT/InyObFaTY4=
-40,-60,CLrlqK25o6U+SaEwcd69zialrOc=,7CqaoHWI0lDNaKnT/InyObFaTY4=
-37,-61,CLrlqK25o6U+SaEwcd69zialrOc=,7CqaoHWI0lDNaKnT/InyObFaTY4=
-36,-61,CLrlqK25o6U+SaEwcd69zialrOc=,7CqaoHWI0lDNaKnT/InyObFaTY4=
-43,-60,CLrlqK25o6U+SaEwcd69zialrOc=,rlR6WsjN2+c/JRFUETN7Mbwj/34=
-39,-60,CLrlqK25o6U+SaEwcd69zialrOc=,7CqaoHWI0lDNaKnT/InyObFaTY4=
-42,-60,CLrlqK25o6U+SaEwcd69zialrOc=,rlR6WsjN2+c/JRFUETN7Mbwj/34=
-41,-60,CLrlqK25o6U+SaEwcd69zialrOc=,rlR6WsjN2+c/JRFUETN7Mbwj/34=
-38,-60,CLrlqK25o6U+SaEwcd69zialrOc=,7CqaoHWI0lDNaKnT/InyObFaTY4=
-37,-60,CLrlqK25o6U+SaEwcd69zialrOc=,7CqaoHWI0lDNaKnT/InyObFaTY4=
-40,-61,CLrlqK25o6U+SaEwcd69zialrOc=,7CqaoHWI0lDNaKnT/InyObFaTY4=
-39,-61,CLrlqK25o6U+SaEwcd69zialrOc=,7CqaoHWI0lDNaKnT/InyObFaTY4=
-36,-60,CLrlqK25o6U+SaEwcd69zialrOc=,7CqaoHWI0lDNaKnT/InyObFaTY4=
-36,-62,CLrlqK25o6U+SaEwcd69zialrOc=,7CqaoHWI0lDNaKnT/InyObFaTY4=
-37,-64,CLrlqK25o6U+SaEwcd69zialrOc=,7CqaoHWI0lDNaKnT/InyObFaTY4=
-36,-64,CLrlqK25o6U+SaEwcd69zialrOc=,7CqaoHWI0lDNaKnT/InyObFaTY4=
-37,-63,CLrlqK25o6U+SaEwcd69zialrOc=,7CqaoHWI0lDNaKnT/InyObFaTY4=
-36,-63,CLrlqK25o6U+SaEwcd69zialrOc=,7CqaoHWI0lDNaKnT/InyObFaTY4=
-37,-62,CLrlqK25o6U+SaEwcd69zialrOc=,7CqaoHWI0lDNaKnT/InyObFaTY4=
-48,-60,day5T9tsjUD/M7rzdBYyThiQekY=,rlR6WsjN2+c/JRFUETN7Mbwj/34=
-47,-60,day5T9tsjUD/M7rzdBYyThiQekY=,rlR6WsjN2+c/JRFUETN7Mbwj/34=
-46,-60,day5T9tsjUD/M7rzdBYyThiQekY=,rlR6WsjN2+c/JRFUETN7Mbwj/34=
-48,-61,day5T9tsjUD/M7rzdBYyThiQekY=,rlR6WsjN2+c/JRFUETN7Mbwj/34=
-47,-61,day5T9tsjUD/M7rzdBYyThiQekY=,rlR6WsjN2+c/JRFUETN7Mbwj/34=
-46,-61,day5T9tsjUD/M7rzdBYyThiQekY=,rlR6WsjN2+c/JRFUETN7Mbwj/34=
-35,-60,XIyiHrOeMisx5ox9myucd8eW4XQ=,7CqaoHWI0lDNaKnT/InyObFaTY4=
-34,-60,XIyiHrOeMisx5ox9myucd8eW4XQ=,7CqaoHWI0lDNaKnT/InyObFaTY4=
-35,-61,XIyiHrOeMisx5ox9myucd8eW4XQ=,7CqaoHWI0lDNaKnT/InyObFaTY4=
-33,-60,XIyiHrOeMisx5ox9myucd8eW4XQ=,7CqaoHWI0lDNaKnT/InyObFaTY4=
-34,-61,XIyiHrOeMisx5ox9myucd8eW4XQ=,7CqaoHWI0lDNaKnT/InyObFaTY4=
-33,-61,XIyiHrOeMisx5ox9myucd8eW4XQ=,7CqaoHWI0lDNaKnT/InyObFaTY4=
-42,-62,K5Vo+XfLkAaC1P8nRnMUF6FTN6I=,rlR6WsjN2+c/JRFUETN7Mbwj/34=
-41,-62,K5Vo+XfLkAaC1P8nRnMUF6FTN6I=,rlR6WsjN2+c/JRFUETN7Mbwj/34=
-40,-64,K5Vo+XfLkAaC1P8nRnMUF6FTN6I=,7CqaoHWI0lDNaKnT/InyObFaTY4=
-45,-64,K5Vo+XfLkAaC1P8nRnMUF6FTN6I=,rlR6WsjN2+c/JRFUETN7Mbwj/34=
-44,-64,K5Vo+XfLkAaC1P8nRnMUF6FTN6I=,rlR6WsjN2+c/JRFUETN7Mbwj/34=
-39,-64,K5Vo+XfLkAaC1P8nRnMUF6FTN6I=,7CqaoHWI0lDNaKnT/InyObFaTY4=
-38,-64,K5Vo+XfLkAaC1P8nRnMUF6FTN6I=,7CqaoHWI0lDNaKnT/InyObFaTY4=
-43,-64,K5Vo+XfLkAaC1P8nRnMUF6FTN6I=,rlR6WsjN2+c/JRFUETN7Mbwj/34=
-42,-64,K5Vo+XfLkAaC1P8nRnMUF6FTN6I=,rlR6WsjN2+c/JRFUETN7Mbwj/34=
-40,-63,K5Vo+XfLkAaC1P8nRnMUF6FTN6I=,7CqaoHWI0lDNaKnT/InyObFaTY4=
-39,-63,K5Vo+XfLkAaC1P8nRnMUF6FTN6I=,7CqaoHWI0lDNaKnT/InyObFaTY4=
-38,-63,K5Vo+XfLkAaC1P8nRnMUF6FTN6I=,7CqaoHWI0lDNaKnT/InyObFaTY4=
-41,-64,K5Vo+XfLkAaC1P8nRnMUF6FTN6I=,rlR6WsjN2+c/JRFUETN7Mbwj/34=
-40,-62,K5Vo+XfLkAaC1P8nRnMUF6FTN6I=,7CqaoHWI0lDNaKnT/InyObFaTY4=
-39,-62,K5Vo+XfLkAaC1P8nRnMUF6FTN6I=,7CqaoHWI0lDNaKnT/InyObFaTY4=
-45,-63,K5Vo+XfLkAaC1P8nRnMUF6FTN6I=,rlR6WsjN2+c/JRFUETN7Mbwj/34=
-38,-62,K5Vo+XfLkAaC1P8nRnMUF6FTN6I=,7CqaoHWI0lDNaKnT/InyObFaTY4=
-44,-63,K5Vo+XfLkAaC1P8nRnMUF6FTN6I=,rlR6WsjN2+c/JRFUETN7Mbwj/34=
-43,-63,K5Vo+XfLkAaC1P8nRnMUF6FTN6I=,rlR6WsjN2+c/JRFUETN7Mbwj/34=
-42,-63,K5Vo+XfLkAaC1P8nRnMUF6FTN6I=,rlR6WsjN2+c/JRFUETN7Mbwj/34=
-41,-63,K5Vo+XfLkAaC1P8nRnMUF6FTN6I=,rlR6WsjN2+c/JRFUETN7Mbwj/34=
-45,-62,K5Vo+XfLkAaC1P8nRnMUF6FTN6I=,rlR6WsjN2+c/JRFUETN7Mbwj/34=
-44,-62,K5Vo+XfLkAaC1P8nRnMUF6FTN6I=,rlR6WsjN2+c/JRFUETN7Mbwj/34=
-43,-62,K5Vo+XfLkAaC1P8nRnMUF6FTN6I=,rlR6WsjN2+c/JRFUETN7Mbwj/34=
-48,-64,K5Vo+XfLkAaC1P8nRnMUF6FTN6I=,rlR6WsjN2+c/JRFUETN7Mbwj/34=
-47,-64,K5Vo+XfLkAaC1P8nRnMUF6FTN6I=,rlR6WsjN2+c/JRFUETN7Mbwj/34=
-46,-64,K5Vo+XfLkAaC1P8nRnMUF6FTN6I=,rlR6WsjN2+c/JRFUETN7Mbwj/34=
-48,-63,K5Vo+XfLkAaC1P8nRnMUF6FTN6I=,rlR6WsjN2+c/JRFUETN7Mbwj/34=
-47,-63,K5Vo+XfLkAaC1P8nRnMUF6FTN6I=,rlR6WsjN2+c/JRFUETN7Mbwj/34=
-46,-63,K5Vo+XfLkAaC1P8nRnMUF6FTN6I=,rlR6WsjN2+c/JRFUETN7Mbwj/34=
-48,-62,K5Vo+XfLkAaC1P8nRnMUF6FTN6I=,rlR6WsjN2+c/JRFUETN7Mbwj/34=
-47,-62,K5Vo+XfLkAaC1P8nRnMUF6FTN6I=,rlR6WsjN2+c/JRFUETN7Mbwj/34=
-35,-62,K5Vo+XfLkAaC1P8nRnMUF6FTN6I=,7CqaoHWI0lDNaKnT/InyObFaTY4=
-46,-62,K5Vo+XfLkAaC1P8nRnMUF6FTN6I=,rlR6WsjN2+c/JRFUETN7Mbwj/34=
-33,-63,K5Vo+XfLkAaC1P8nRnMUF6FTN6I=,7CqaoHWI0lDNaKnT/InyObFaTY4=
-34,-63,K5Vo+XfLkAaC1P8nRnMUF6FTN6I=,7CqaoHWI0lDNaKnT/InyObFaTY4=
-35,-63,K5Vo+XfLkAaC1P8nRnMUF6FTN6I=,7CqaoHWI0lDNaKnT/InyObFaTY4=
-33,-62,K5Vo+XfLkAaC1P8nRnMUF6FTN6I=,7CqaoHWI0lDNaKnT/InyObFaTY4=
-33,-64,K5Vo+XfLkAaC1P8nRnMUF6FTN6I=,7CqaoHWI0lDNaKnT/InyObFaTY4=
-34,-64,K5Vo+XfLkAaC1P8nRnMUF6FTN6I=,7CqaoHWI0lDNaKnT/InyObFaTY4=
-35,-64,K5Vo+XfLkAaC1P8nRnMUF6FTN6I=,7CqaoHWI0lDNaKnT/InyObFaTY4=
-34,-62,K5Vo+XfLkAaC1P8nRnMUF6FTN6I=,7CqaoHWI0lDNaKnT/InyObFaTY4=
-37,-49,nJfKcPS/yCe7CHS5EEQlEn+0OvY=,uW4V+c4mceggkiI5q2HSW7mITo0=
-34,-56,nJfKcPS/yCe7CHS5EEQlEn+0OvY=,uW4V+c4mceggkiI5q2HSW7mITo0=
-35,-56,nJfKcPS/yCe7CHS5EEQlEn+0OvY=,uW4V+c4mceggkiI5q2HSW7mITo0=
-34,-57,nJfKcPS/yCe7CHS5EEQlEn+0OvY=,7CqaoHWI0lDNaKnT/InyObFaTY4=
-33,-58,nJfKcPS/yCe7CHS5EEQlEn+0OvY=,7CqaoHWI0lDNaKnT/InyObFaTY4=
-35,-58,nJfKcPS/yCe7CHS5EEQlEn+0OvY=,7CqaoHWI0lDNaKnT/InyObFaTY4=
-33,-56,nJfKcPS/yCe7CHS5EEQlEn+0OvY=,uW4V+c4mceggkiI5q2HSW7mITo0=
-34,-58,nJfKcPS/yCe7CHS5EEQlEn+0OvY=,7CqaoHWI0lDNaKnT/InyObFaTY4=
-37,-52,nJfKcPS/yCe7CHS5EEQlEn+0OvY=,uW4V+c4mceggkiI5q2HSW7mITo0=
-37,-58,nJfKcPS/yCe7CHS5EEQlEn+0OvY=,7CqaoHWI0lDNaKnT/InyObFaTY4=
-33,-59,FbI4Ip7e2OrxG8vdR/ZFmnVe0f0=,7CqaoHWI0lDNaKnT/InyObFaTY4=
-34,-59,FbI4Ip7e2OrxG8vdR/ZFmnVe0f0=,7CqaoHWI0lDNaKnT/InyObFaTY4=
-37,-56,FbI4Ip7e2OrxG8vdR/ZFmnVe0f0=,uW4V+c4mceggkiI5q2HSW7mITo0=
-35,-57,FbI4Ip7e2OrxG8vdR/ZFmnVe0f0=,7CqaoHWI0lDNaKnT/InyObFaTY4=
-36,-57,FbI4Ip7e2OrxG8vdR/ZFmnVe0f0=,7CqaoHWI0lDNaKnT/InyObFaTY4=
-36,-56,FbI4Ip7e2OrxG8vdR/ZFmnVe0f0=,uW4V+c4mceggkiI5q2HSW7mITo0=
-36,-58,FbI4Ip7e2OrxG8vdR/ZFmnVe0f0=,7CqaoHWI0lDNaKnT/InyObFaTY4=
-35,-59,FbI4Ip7e2OrxG8vdR/ZFmnVe0f0=,7CqaoHWI0lDNaKnT/InyObFaTY4=
-37,-57,FbI4Ip7e2OrxG8vdR/ZFmnVe0f0=,7CqaoHWI0lDNaKnT/InyObFaTY4=
-33,-57,FbI4Ip7e2OrxG8vdR/ZFmnVe0f0=,7CqaoHWI0lDNaKnT/InyObFaTY4=
-35,-50,FbI4Ip7e2OrxG8vdR/ZFmnVe0f0=,uW4V+c4mceggkiI5q2HSW7mITo0=
-37,-55,FbI4Ip7e2OrxG8vdR/ZFmnVe0f0=,uW4V+c4mceggkiI5q2HSW7mITo0=
-36,-49,FbI4Ip7e2OrxG8vdR/ZFmnVe0f0=,uW4V+c4mceggkiI5q2HSW7mITo0=
-33,-55,FbI4Ip7e2OrxG8vdR/ZFmnVe0f0=,uW4V+c4mceggkiI5q2HSW7mITo0=
-36,-50,FbI4Ip7e2OrxG8vdR/ZFmnVe0f0=,uW4V+c4mceggkiI5q2HSW7mITo0=
-37,-50,FbI4Ip7e2OrxG8vdR/ZFmnVe0f0=,uW4V+c4mceggkiI5q2HSW7mITo0=
-34,-50,FbI4Ip7e2OrxG8vdR/ZFmnVe0f0=,uW4V+c4mceggkiI5q2HSW7mITo0=
-36,-59,FbI4Ip7e2OrxG8vdR/ZFmnVe0f0=,7CqaoHWI0lDNaKnT/InyObFaTY4=
-34,-53,FbI4Ip7e2OrxG8vdR/ZFmnVe0f0=,uW4V+c4mceggkiI5q2HSW7mITo0=
-37,-59,FbI4Ip7e2OrxG8vdR/ZFmnVe0f0=,7CqaoHWI0lDNaKnT/InyObFaTY4=
-33,-54,FbI4Ip7e2OrxG8vdR/ZFmnVe0f0=,uW4V+c4mceggkiI5q2HSW7mITo0=
-33,-50,FbI4Ip7e2OrxG8vdR/ZFmnVe0f0=,uW4V+c4mceggkiI5q2HSW7mITo0=
-33,-53,FbI4Ip7e2OrxG8vdR/ZFmnVe0f0=,uW4V+c4mceggkiI5q2HSW7mITo0=
-35,-54,FbI4Ip7e2OrxG8vdR/ZFmnVe0f0=,uW4V+c4mceggkiI5q2HSW7mITo0=
-34,-55,FbI4Ip7e2OrxG8vdR/ZFmnVe0f0=,uW4V+c4mceggkiI5q2HSW7mITo0=
-37,-54,FbI4Ip7e2OrxG8vdR/ZFmnVe0f0=,uW4V+c4mceggkiI5q2HSW7mITo0=
-35,-55,FbI4Ip7e2OrxG8vdR/ZFmnVe0f0=,uW4V+c4mceggkiI5q2HSW7mITo0=
-35,-51,FbI4Ip7e2OrxG8vdR/ZFmnVe0f0=,uW4V+c4mceggkiI5q2HSW7mITo0=
-33,-51,FbI4Ip7e2OrxG8vdR/ZFmnVe0f0=,uW4V+c4mceggkiI5q2HSW7mITo0=
-36,-51,FbI4Ip7e2OrxG8vdR/ZFmnVe0f0=,uW4V+c4mceggkiI5q2HSW7mITo0=
-37,-51,FbI4Ip7e2OrxG8vdR/ZFmnVe0f0=,uW4V+c4mceggkiI5q2HSW7mITo0=
-35,-53,FbI4Ip7e2OrxG8vdR/ZFmnVe0f0=,uW4V+c4mceggkiI5q2HSW7mITo0=
-37,-53,FbI4Ip7e2OrxG8vdR/ZFmnVe0f0=,uW4V+c4mceggkiI5q2HSW7mITo0=
-33,-49,FbI4Ip7e2OrxG8vdR/ZFmnVe0f0=,uW4V+c4mceggkiI5q2HSW7mITo0=
-35,-49,FbI4Ip7e2OrxG8vdR/ZFmnVe0f0=,uW4V+c4mceggkiI5q2HSW7mITo0=
-34,-51,FbI4Ip7e2OrxG8vdR/ZFmnVe0f0=,uW4V+c4mceggkiI5q2HSW7mITo0=
-33,-52,FbI4Ip7e2OrxG8vdR/ZFmnVe0f0=,uW4V+c4mceggkiI5q2HSW7mITo0=
-34,-52,FbI4Ip7e2OrxG8vdR/ZFmnVe0f0=,uW4V+c4mceggkiI5q2HSW7mITo0=
-35,-52,FbI4Ip7e2OrxG8vdR/ZFmnVe0f0=,uW4V+c4mceggkiI5q2HSW7mITo0=
-34,-49,FbI4Ip7e2OrxG8vdR/ZFmnVe0f0=,uW4V+c4mceggkiI5q2HSW7mITo0=
-36,-54,FbI4Ip7e2OrxG8vdR/ZFmnVe0f0=,uW4V+c4mceggkiI5q2HSW7mITo0=
-36,-53,FbI4Ip7e2OrxG8vdR/ZFmnVe0f0=,uW4V+c4mceggkiI5q2HSW7mITo0=
-36,-55,FbI4Ip7e2OrxG8vdR/ZFmnVe0f0=,uW4V+c4mceggkiI5q2HSW7mITo0=
-34,-54,FbI4Ip7e2OrxG8vdR/ZFmnVe0f0=,uW4V+c4mceggkiI5q2HSW7mITo0=
-36,-52,FbI4Ip7e2OrxG8vdR/ZFmnVe0f0=,uW4V+c4mceggkiI5q2HSW7mITo0=
-38,-49,uBaFWOTCc399m3J74QeM3ZMnEPA=,uW4V+c4mceggkiI5q2HSW7mITo0=
-39,-49,uBaFWOTCc399m3J74QeM3ZMnEPA=,uW4V+c4mceggkiI5q2HSW7mITo0=
-39,-53,uBaFWOTCc399m3J74QeM3ZMnEPA=,uW4V+c4mceggkiI5q2HSW7mITo0=
-45,-51,uBaFWOTCc399m3J74QeM3ZMnEPA=,Awg/Eg5nk+xzVF9oPlsE+QZNIwg=
-38,-53,uBaFWOTCc399m3J74QeM3ZMnEPA=,uW4V+c4mceggkiI5q2HSW7mITo0=
-38,-58,uBaFWOTCc399m3J74QeM3ZMnEPA=,7CqaoHWI0lDNaKnT/InyObFaTY4=
-47,-53,uBaFWOTCc399m3J74QeM3ZMnEPA=,Awg/Eg5nk+xzVF9oPlsE+QZNIwg=
-40,-49,uBaFWOTCc399m3J74QeM3ZMnEPA=,uW4V+c4mceggkiI5q2HSW7mITo0=
-45,-53,uBaFWOTCc399m3J74QeM3ZMnEPA=,Awg/Eg5nk+xzVF9oPlsE+QZNIwg=
-39,-58,rNefMIkCDxibQ71xIQ/aq7RuOJk=,7CqaoHWI0lDNaKnT/InyObFaTY4=
-41,-49,rNefMIkCDxibQ71xIQ/aq7RuOJk=,Awg/Eg5nk+xzVF9oPlsE+QZNIwg=
-41,-54,rNefMIkCDxibQ71xIQ/aq7RuOJk=,Awg/Eg5nk+xzVF9oPlsE+QZNIwg=
-42,-54,rNefMIkCDxibQ71xIQ/aq7RuOJk=,Awg/Eg5nk+xzVF9oPlsE+QZNIwg=
-45,-49,rNefMIkCDxibQ71xIQ/aq7RuOJk=,Awg/Eg5nk+xzVF9oPlsE+QZNIwg=
-40,-53,rNefMIkCDxibQ71xIQ/aq7RuOJk=,uW4V+c4mceggkiI5q2HSW7mITo0=
-43,-54,rNefMIkCDxibQ71xIQ/aq7RuOJk=,Awg/Eg5nk+xzVF9oPlsE+QZNIwg=
-45,-54,rNefMIkCDxibQ71xIQ/aq7RuOJk=,Awg/Eg5nk+xzVF9oPlsE+QZNIwg=
-46,-54,rNefMIkCDxibQ71xIQ/aq7RuOJk=,Awg/Eg5nk+xzVF9oPlsE+QZNIwg=
-38,-52,rNefMIkCDxibQ71xIQ/aq7RuOJk=,uW4V+c4mceggkiI5q2HSW7mITo0=
-44,-54,rNefMIkCDxibQ71xIQ/aq7RuOJk=,Awg/Eg5nk+xzVF9oPlsE+QZNIwg=
-39,-52,rNefMIkCDxibQ71xIQ/aq7RuOJk=,uW4V+c4mceggkiI5q2HSW7mITo0=
-48,-54,rNefMIkCDxibQ71xIQ/aq7RuOJk=,Awg/Eg5nk+xzVF9oPlsE+QZNIwg=
-47,-54,rNefMIkCDxibQ71xIQ/aq7RuOJk=,Awg/Eg5nk+xzVF9oPlsE+QZNIwg=
-40,-55,rNefMIkCDxibQ71xIQ/aq7RuOJk=,uW4V+c4mceggkiI5q2HSW7mITo0=
-42,-49,rNefMIkCDxibQ71xIQ/aq7RuOJk=,Awg/Eg5nk+xzVF9oPlsE+QZNIwg=
-40,-58,rNefMIkCDxibQ71xIQ/aq7RuOJk=,7CqaoHWI0lDNaKnT/InyObFaTY4=
-48,-53,rNefMIkCDxibQ71xIQ/aq7RuOJk=,Awg/Eg5nk+xzVF9oPlsE+QZNIwg=
-40,-52,rNefMIkCDxibQ71xIQ/aq7RuOJk=,uW4V+c4mceggkiI5q2HSW7mITo0=
-40,-54,rNefMIkCDxibQ71xIQ/aq7RuOJk=,uW4V+c4mceggkiI5q2HSW7mITo0=
-46,-49,rNefMIkCDxibQ71xIQ/aq7RuOJk=,Awg/Eg5nk+xzVF9oPlsE+QZNIwg=
-46,-51,rNefMIkCDxibQ71xIQ/aq7RuOJk=,Awg/Eg5nk+xzVF9oPlsE+QZNIwg=
-43,-49,rNefMIkCDxibQ71xIQ/aq7RuOJk=,Awg/Eg5nk+xzVF9oPlsE+QZNIwg=
-44,-53,rNefMIkCDxibQ71xIQ/aq7RuOJk=,Awg/Eg5nk+xzVF9oPlsE+QZNIwg=
-39,-57,rNefMIkCDxibQ71xIQ/aq7RuOJk=,7CqaoHWI0lDNaKnT/InyObFaTY4=
-38,-50,rNefMIkCDxibQ71xIQ/aq7RuOJk=,uW4V+c4mceggkiI5q2HSW7mITo0=
-43,-55,rNefMIkCDxibQ71xIQ/aq7RuOJk=,Awg/Eg5nk+xzVF9oPlsE+QZNIwg=
-39,-50,rNefMIkCDxibQ71xIQ/aq7RuOJk=,uW4V+c4mceggkiI5q2HSW7mITo0=
-46,-53,rNefMIkCDxibQ71xIQ/aq7RuOJk=,Awg/Eg5nk+xzVF9oPlsE+QZNIwg=
-47,-51,rNefMIkCDxibQ71xIQ/aq7RuOJk=,Awg/Eg5nk+xzVF9oPlsE+QZNIwg=
-48,-51,rNefMIkCDxibQ71xIQ/aq7RuOJk=,Awg/Eg5nk+xzVF9oPlsE+QZNIwg=
-39,-54,rNefMIkCDxibQ71xIQ/aq7RuOJk=,uW4V+c4mceggkiI5q2HSW7mITo0=
-47,-55,rNefMIkCDxibQ71xIQ/aq7RuOJk=,Awg/Eg5nk+xzVF9oPlsE+QZNIwg=
-42,-55,rNefMIkCDxibQ71xIQ/aq7RuOJk=,Awg/Eg5nk+xzVF9oPlsE+QZNIwg=
-48,-49,rNefMIkCDxibQ71xIQ/aq7RuOJk=,Awg/Eg5nk+xzVF9oPlsE+QZNIwg=
-38,-57,rNefMIkCDxibQ71xIQ/aq7RuOJk=,7CqaoHWI0lDNaKnT/InyObFaTY4=
-47,-49,rNefMIkCDxibQ71xIQ/aq7RuOJk=,Awg/Eg5nk+xzVF9oPlsE+QZNIwg=
-41,-52,rNefMIkCDxibQ71xIQ/aq7RuOJk=,Awg/Eg5nk+xzVF9oPlsE+QZNIwg=
-41,-50,rNefMIkCDxibQ71xIQ/aq7RuOJk=,Awg/Eg5nk+xzVF9oPlsE+QZNIwg=
-40,-50,rNefMIkCDxibQ71xIQ/aq7RuOJk=,uW4V+c4mceggkiI5q2HSW7mITo0=
-42,-56,rNefMIkCDxibQ71xIQ/aq7RuOJk=,Awg/Eg5nk+xzVF9oPlsE+QZNIwg=
-41,-56,rNefMIkCDxibQ71xIQ/aq7RuOJk=,Awg/Eg5nk+xzVF9oPlsE+QZNIwg=
-44,-55,rNefMIkCDxibQ71xIQ/aq7RuOJk=,Awg/Eg5nk+xzVF9oPlsE+QZNIwg=
-41,-55,rNefMIkCDxibQ71xIQ/aq7RuOJk=,Awg/Eg5nk+xzVF9oPlsE+QZNIwg=
-40,-59,rNefMIkCDxibQ71xIQ/aq7RuOJk=,7CqaoHWI0lDNaKnT/InyObFaTY4=
-39,-55,rNefMIkCDxibQ71xIQ/aq7RuOJk=,uW4V+c4mceggkiI5q2HSW7mITo0=
-40,-57,rNefMIkCDxibQ71xIQ/aq7RuOJk=,7CqaoHWI0lDNaKnT/InyObFaTY4=
-46,-55,rNefMIkCDxibQ71xIQ/aq7RuOJk=,Awg/Eg5nk+xzVF9oPlsE+QZNIwg=
-38,-59,rNefMIkCDxibQ71xIQ/aq7RuOJk=,7CqaoHWI0lDNaKnT/InyObFaTY4=
-42,-52,rNefMIkCDxibQ71xIQ/aq7RuOJk=,Awg/Eg5nk+xzVF9oPlsE+QZNIwg=
-47,-56,rNefMIkCDxibQ71xIQ/aq7RuOJk=,Awg/Eg5nk+xzVF9oPlsE+QZNIwg=
-39,-59,rNefMIkCDxibQ71xIQ/aq7RuOJk=,7CqaoHWI0lDNaKnT/InyObFaTY4=
-45,-55,rNefMIkCDxibQ71xIQ/aq7RuOJk=,Awg/Eg5nk+xzVF9oPlsE+QZNIwg=
-42,-50,rNefMIkCDxibQ71xIQ/aq7RuOJk=,Awg/Eg5nk+xzVF9oPlsE+QZNIwg=
-48,-56,rNefMIkCDxibQ71xIQ/aq7RuOJk=,Awg/Eg5nk+xzVF9oPlsE+QZNIwg=
-43,-56,rNefMIkCDxibQ71xIQ/aq7RuOJk=,Awg/Eg5nk+xzVF9oPlsE+QZNIwg=
-46,-56,rNefMIkCDxibQ71xIQ/aq7RuOJk=,Awg/Eg5nk+xzVF9oPlsE+QZNIwg=
-44,-50,rNefMIkCDxibQ71xIQ/aq7RuOJk=,Awg/Eg5nk+xzVF9oPlsE+QZNIwg=
-47,-50,rNefMIkCDxibQ71xIQ/aq7RuOJk=,Awg/Eg5nk+xzVF9oPlsE+QZNIwg=
-46,-50,rNefMIkCDxibQ71xIQ/aq7RuOJk=,Awg/Eg5nk+xzVF9oPlsE+QZNIwg=
-43,-50,rNefMIkCDxibQ71xIQ/aq7RuOJk=,Awg/Eg5nk+xzVF9oPlsE+QZNIwg=
-48,-50,rNefMIkCDxibQ71xIQ/aq7RuOJk=,Awg/Eg5nk+xzVF9oPlsE+QZNIwg=
-48,-55,rNefMIkCDxibQ71xIQ/aq7RuOJk=,Awg/Eg5nk+xzVF9oPlsE+QZNIwg=
-43,-52,rNefMIkCDxibQ71xIQ/aq7RuOJk=,Awg/Eg5nk+xzVF9oPlsE+QZNIwg=
-38,-55,rNefMIkCDxibQ71xIQ/aq7RuOJk=,uW4V+c4mceggkiI5q2HSW7mITo0=
-43,-51,rNefMIkCDxibQ71xIQ/aq7RuOJk=,Awg/Eg5nk+xzVF9oPlsE+QZNIwg=
-45,-50,rNefMIkCDxibQ71xIQ/aq7RuOJk=,Awg/Eg5nk+xzVF9oPlsE+QZNIwg=
-44,-57,rNefMIkCDxibQ71xIQ/aq7RuOJk=,rlR6WsjN2+c/JRFUETN7Mbwj/34=
-44,-56,rNefMIkCDxibQ71xIQ/aq7RuOJk=,Awg/Eg5nk+xzVF9oPlsE+QZNIwg=
-46,-57,rNefMIkCDxibQ71xIQ/aq7RuOJk=,rlR6WsjN2+c/JRFUETN7Mbwj/34=
-43,-57,rNefMIkCDxibQ71xIQ/aq7RuOJk=,rlR6WsjN2+c/JRFUETN7Mbwj/34=
-47,-57,rNefMIkCDxibQ71xIQ/aq7RuOJk=,rlR6WsjN2+c/JRFUETN7Mbwj/34=
-45,-52,rNefMIkCDxibQ71xIQ/aq7RuOJk=,Awg/Eg5nk+xzVF9oPlsE+QZNIwg=
-38,-51,rNefMIkCDxibQ71xIQ/aq7RuOJk=,uW4V+c4mceggkiI5q2HSW7mITo0=
-41,-57,rNefMIkCDxibQ71xIQ/aq7RuOJk=,rlR6WsjN2+c/JRFUETN7Mbwj/34=
-48,-57,rNefMIkCDxibQ71xIQ/aq7RuOJk=,rlR6WsjN2+c/JRFUETN7Mbwj/34=
-44,-49,rNefMIkCDxibQ71xIQ/aq7RuOJk=,Awg/Eg5nk+xzVF9oPlsE+QZNIwg=
-46,-52,rNefMIkCDxibQ71xIQ/aq7RuOJk=,Awg/Eg5nk+xzVF9oPlsE+QZNIwg=
-44,-58,rNefMIkCDxibQ71xIQ/aq7RuOJk=,rlR6WsjN2+c/JRFUETN7Mbwj/34=
-46,-58,rNefMIkCDxibQ71xIQ/aq7RuOJk=,rlR6WsjN2+c/JRFUETN7Mbwj/34=
-45,-58,rNefMIkCDxibQ71xIQ/aq7RuOJk=,rlR6WsjN2+c/JRFUETN7Mbwj/34=
-47,-58,rNefMIkCDxibQ71xIQ/aq7RuOJk=,rlR6WsjN2+c/JRFUETN7Mbwj/34=
-48,-58,rNefMIkCDxibQ71xIQ/aq7RuOJk=,rlR6WsjN2+c/JRFUETN7Mbwj/34=
-39,-51,rNefMIkCDxibQ71xIQ/aq7RuOJk=,uW4V+c4mceggkiI5q2HSW7mITo0=
-45,-56,rNefMIkCDxibQ71xIQ/aq7RuOJk=,Awg/Eg5nk+xzVF9oPlsE+QZNIwg=
-40,-51,rNefMIkCDxibQ71xIQ/aq7RuOJk=,uW4V+c4mceggkiI5q2HSW7mITo0=
-41,-59,rNefMIkCDxibQ71xIQ/aq7RuOJk=,rlR6WsjN2+c/JRFUETN7Mbwj/34=
-42,-59,rNefMIkCDxibQ71xIQ/aq7RuOJk=,rlR6WsjN2+c/JRFUETN7Mbwj/34=
-43,-59,rNefMIkCDxibQ71xIQ/aq7RuOJk=,rlR6WsjN2+c/JRFUETN7Mbwj/34=
-44,-59,rNefMIkCDxibQ71xIQ/aq7RuOJk=,rlR6WsjN2+c/JRFUETN7Mbwj/34=
-41,-51,rNefMIkCDxibQ71xIQ/aq7RuOJk=,Awg/Eg5nk+xzVF9oPlsE+QZNIwg=
-42,-58,rNefMIkCDxibQ71xIQ/aq7RuOJk=,rlR6WsjN2+c/JRFUETN7Mbwj/34=
-45,-59,rNefMIkCDxibQ71xIQ/aq7RuOJk=,rlR6WsjN2+c/JRFUETN7Mbwj/34=
-46,-59,rNefMIkCDxibQ71xIQ/aq7RuOJk=,rlR6WsjN2+c/JRFUETN7Mbwj/34=
-47,-59,rNefMIkCDxibQ71xIQ/aq7RuOJk=,rlR6WsjN2+c/JRFUETN7Mbwj/34=
-48,-59,rNefMIkCDxibQ71xIQ/aq7RuOJk=,rlR6WsjN2+c/JRFUETN7Mbwj/34=
-42,-51,rNefMIkCDxibQ71xIQ/aq7RuOJk=,Awg/Eg5nk+xzVF9oPlsE+QZNIwg=
-44,-51,rNefMIkCDxibQ71xIQ/aq7RuOJk=,Awg/Eg5nk+xzVF9oPlsE+QZNIwg=
-41,-58,rNefMIkCDxibQ71xIQ/aq7RuOJk=,rlR6WsjN2+c/JRFUETN7Mbwj/34=
-43,-53,rNefMIkCDxibQ71xIQ/aq7RuOJk=,Awg/Eg5nk+xzVF9oPlsE+QZNIwg=
-42,-57,rNefMIkCDxibQ71xIQ/aq7RuOJk=,rlR6WsjN2+c/JRFUETN7Mbwj/34=
-45,-57,rNefMIkCDxibQ71xIQ/aq7RuOJk=,rlR6WsjN2+c/JRFUETN7Mbwj/34=
-39,-56,rNefMIkCDxibQ71xIQ/aq7RuOJk=,uW4V+c4mceggkiI5q2HSW7mITo0=
-44,-52,rNefMIkCDxibQ71xIQ/aq7RuOJk=,Awg/Eg5nk+xzVF9oPlsE+QZNIwg=
-43,-58,rNefMIkCDxibQ71xIQ/aq7RuOJk=,rlR6WsjN2+c/JRFUETN7Mbwj/34=
-38,-56,rNefMIkCDxibQ71xIQ/aq7RuOJk=,uW4V+c4mceggkiI5q2HSW7mITo0=
-42,-53,rNefMIkCDxibQ71xIQ/aq7RuOJk=,Awg/Eg5nk+xzVF9oPlsE+QZNIwg=
-48,-52,rNefMIkCDxibQ71xIQ/aq7RuOJk=,Awg/Eg5nk+xzVF9oPlsE+QZNIwg=
-40,-56,rNefMIkCDxibQ71xIQ/aq7RuOJk=,uW4V+c4mceggkiI5q2HSW7mITo0=
-41,-53,rNefMIkCDxibQ71xIQ/aq7RuOJk=,Awg/Eg5nk+xzVF9oPlsE+QZNIwg=
-47,-52,rNefMIkCDxibQ71xIQ/aq7RuOJk=,Awg/Eg5nk+xzVF9oPlsE+QZNIwg=
-38,-54,rNefMIkCDxibQ71xIQ/aq7RuOJk=,uW4V+c4mceggkiI5q2HSW7mITo0=
-53,-52,KyB3gkr89Kifli9/ICIw2ydlBUU=,mlYrvNTghzDmR3SfjeHyFF3Nh5I=
-54,-52,KyB3gkr89Kifli9/ICIw2ydlBUU=,mlYrvNTghzDmR3SfjeHyFF3Nh5I=
-55,-52,KyB3gkr89Kifli9/ICIw2ydlBUU=,mlYrvNTghzDmR3SfjeHyFF3Nh5I=
-54,-53,KyB3gkr89Kifli9/ICIw2ydlBUU=,mlYrvNTghzDmR3SfjeHyFF3Nh5I=
-55,-53,KyB3gkr89Kifli9/ICIw2ydlBUU=,mlYrvNTghzDmR3SfjeHyFF3Nh5I=
-56,-53,KyB3gkr89Kifli9/ICIw2ydlBUU=,mlYrvNTghzDmR3SfjeHyFF3Nh5I=
-55,-54,KyB3gkr89Kifli9/ICIw2ydlBUU=,mlYrvNTghzDmR3SfjeHyFF3Nh5I=
-53,-49,KyB3gkr89Kifli9/ICIw2ydlBUU=,mlYrvNTghzDmR3SfjeHyFF3Nh5I=
-56,-54,KyB3gkr89Kifli9/ICIw2ydlBUU=,mlYrvNTghzDmR3SfjeHyFF3Nh5I=
-50,-55,KyB3gkr89Kifli9/ICIw2ydlBUU=,mlYrvNTghzDmR3SfjeHyFF3Nh5I=
-51,-55,KyB3gkr89Kifli9/ICIw2ydlBUU=,mlYrvNTghzDmR3SfjeHyFF3Nh5I=
-52,-55,KyB3gkr89Kifli9/ICIw2ydlBUU=,mlYrvNTghzDmR3SfjeHyFF3Nh5I=
-55,-51,KyB3gkr89Kifli9/ICIw2ydlBUU=,mlYrvNTghzDmR3SfjeHyFF3Nh5I=
-55,-49,KyB3gkr89Kifli9/ICIw2ydlBUU=,mlYrvNTghzDmR3SfjeHyFF3Nh5I=
-54,-49,KyB3gkr89Kifli9/ICIw2ydlBUU=,mlYrvNTghzDmR3SfjeHyFF3Nh5I=
-56,-51,KyB3gkr89Kifli9/ICIw2ydlBUU=,mlYrvNTghzDmR3SfjeHyFF3Nh5I=
-52,-49,KyB3gkr89Kifli9/ICIw2ydlBUU=,mlYrvNTghzDmR3SfjeHyFF3Nh5I=
-56,-52,KyB3gkr89Kifli9/ICIw2ydlBUU=,mlYrvNTghzDmR3SfjeHyFF3Nh5I=
-53,-55,KyB3gkr89Kifli9/ICIw2ydlBUU=,mlYrvNTghzDmR3SfjeHyFF3Nh5I=
-51,-49,KyB3gkr89Kifli9/ICIw2ydlBUU=,mlYrvNTghzDmR3SfjeHyFF3Nh5I=
-49,-55,KyB3gkr89Kifli9/ICIw2ydlBUU=,mlYrvNTghzDmR3SfjeHyFF3Nh5I=
-49,-51,KyB3gkr89Kifli9/ICIw2ydlBUU=,mlYrvNTghzDmR3SfjeHyFF3Nh5I=
-50,-49,KyB3gkr89Kifli9/ICIw2ydlBUU=,mlYrvNTghzDmR3SfjeHyFF3Nh5I=
-50,-51,KyB3gkr89Kifli9/ICIw2ydlBUU=,mlYrvNTghzDmR3SfjeHyFF3Nh5I=
-54,-55,KyB3gkr89Kifli9/ICIw2ydlBUU=,mlYrvNTghzDmR3SfjeHyFF3Nh5I=
-49,-56,KyB3gkr89Kifli9/ICIw2ydlBUU=,mlYrvNTghzDmR3SfjeHyFF3Nh5I=
-50,-56,KyB3gkr89Kifli9/ICIw2ydlBUU=,mlYrvNTghzDmR3SfjeHyFF3Nh5I=
-52,-51,KyB3gkr89Kifli9/ICIw2ydlBUU=,mlYrvNTghzDmR3SfjeHyFF3Nh5I=
-51,-54,KyB3gkr89Kifli9/ICIw2ydlBUU=,mlYrvNTghzDmR3SfjeHyFF3Nh5I=
-51,-56,KyB3gkr89Kifli9/ICIw2ydlBUU=,mlYrvNTghzDmR3SfjeHyFF3Nh5I=
-55,-55,KyB3gkr89Kifli9/ICIw2ydlBUU=,mlYrvNTghzDmR3SfjeHyFF3Nh5I=
-52,-56,KyB3gkr89Kifli9/ICIw2ydlBUU=,mlYrvNTghzDmR3SfjeHyFF3Nh5I=
-56,-55,KyB3gkr89Kifli9/ICIw2ydlBUU=,mlYrvNTghzDmR3SfjeHyFF3Nh5I=
-53,-56,KyB3gkr89Kifli9/ICIw2ydlBUU=,mlYrvNTghzDmR3SfjeHyFF3Nh5I=
-49,-52,KyB3gkr89Kifli9/ICIw2ydlBUU=,mlYrvNTghzDmR3SfjeHyFF3Nh5I=
-50,-54,KyB3gkr89Kifli9/ICIw2ydlBUU=,mlYrvNTghzDmR3SfjeHyFF3Nh5I=
-52,-50,KyB3gkr89Kifli9/ICIw2ydlBUU=,mlYrvNTghzDmR3SfjeHyFF3Nh5I=
-52,-53,KyB3gkr89Kifli9/ICIw2ydlBUU=,mlYrvNTghzDmR3SfjeHyFF3Nh5I=
-54,-56,KyB3gkr89Kifli9/ICIw2ydlBUU=,mlYrvNTghzDmR3SfjeHyFF3Nh5I=
-53,-51,KyB3gkr89Kifli9/ICIw2ydlBUU=,mlYrvNTghzDmR3SfjeHyFF3Nh5I=
-55,-56,KyB3gkr89Kifli9/ICIw2ydlBUU=,mlYrvNTghzDmR3SfjeHyFF3Nh5I=
-52,-54,KyB3gkr89Kifli9/ICIw2ydlBUU=,mlYrvNTghzDmR3SfjeHyFF3Nh5I=
-53,-50,KyB3gkr89Kifli9/ICIw2ydlBUU=,mlYrvNTghzDmR3SfjeHyFF3Nh5I=
-53,-54,KyB3gkr89Kifli9/ICIw2ydlBUU=,mlYrvNTghzDmR3SfjeHyFF3Nh5I=
-56,-56,KyB3gkr89Kifli9/ICIw2ydlBUU=,mlYrvNTghzDmR3SfjeHyFF3Nh5I=
-54,-50,KyB3gkr89Kifli9/ICIw2ydlBUU=,mlYrvNTghzDmR3SfjeHyFF3Nh5I=
-55,-50,KyB3gkr89Kifli9/ICIw2ydlBUU=,mlYrvNTghzDmR3SfjeHyFF3Nh5I=
-56,-50,KyB3gkr89Kifli9/ICIw2ydlBUU=,mlYrvNTghzDmR3SfjeHyFF3Nh5I=
-53,-53,KyB3gkr89Kifli9/ICIw2ydlBUU=,mlYrvNTghzDmR3SfjeHyFF3Nh5I=
-49,-53,KyB3gkr89Kifli9/ICIw2ydlBUU=,mlYrvNTghzDmR3SfjeHyFF3Nh5I=
-54,-51,KyB3gkr89Kifli9/ICIw2ydlBUU=,mlYrvNTghzDmR3SfjeHyFF3Nh5I=
-56,-49,KyB3gkr89Kifli9/ICIw2ydlBUU=,mlYrvNTghzDmR3SfjeHyFF3Nh5I=
-52,-52,KyB3gkr89Kifli9/ICIw2ydlBUU=,mlYrvNTghzDmR3SfjeHyFF3Nh5I=
-54,-54,KyB3gkr89Kifli9/ICIw2ydlBUU=,mlYrvNTghzDmR3SfjeHyFF3Nh5I=
-50,-50,KyB3gkr89Kifli9/ICIw2ydlBUU=,mlYrvNTghzDmR3SfjeHyFF3Nh5I=
-51,-51,KyB3gkr89Kifli9/ICIw2ydlBUU=,mlYrvNTghzDmR3SfjeHyFF3Nh5I=
-51,-53,KyB3gkr89Kifli9/ICIw2ydlBUU=,mlYrvNTghzDmR3SfjeHyFF3Nh5I=
-51,-50,KyB3gkr89Kifli9/ICIw2ydlBUU=,mlYrvNTghzDmR3SfjeHyFF3Nh5I=
-49,-49,KyB3gkr89Kifli9/ICIw2ydlBUU=,mlYrvNTghzDmR3SfjeHyFF3Nh5I=
-50,-53,KyB3gkr89Kifli9/ICIw2ydlBUU=,mlYrvNTghzDmR3SfjeHyFF3Nh5I=
-49,-54,KyB3gkr89Kifli9/ICIw2ydlBUU=,mlYrvNTghzDmR3SfjeHyFF3Nh5I=
-51,-52,KyB3gkr89Kifli9/ICIw2ydlBUU=,mlYrvNTghzDmR3SfjeHyFF3Nh5I=
-49,-50,KyB3gkr89Kifli9/ICIw2ydlBUU=,mlYrvNTghzDmR3SfjeHyFF3Nh5I=
-50,-52,KyB3gkr89Kifli9/ICIw2ydlBUU=,mlYrvNTghzDmR3SfjeHyFF3Nh5I=
-53,-44,wupgEkP+z732FZboD1WUHleE7fs=,iZwJh2I8SSGDizf6HstfWbpTRlM=
-56,-42,wupgEkP+z732FZboD1WUHleE7fs=,iZwJh2I8SSGDizf6HstfWbpTRlM=
-54,-43,wupgEkP+z732FZboD1WUHleE7fs=,iZwJh2I8SSGDizf6HstfWbpTRlM=
-54,-46,wupgEkP+z732FZboD1WUHleE7fs=,iZwJh2I8SSGDizf6HstfWbpTRlM=
-54,-44,wupgEkP+z732FZboD1WUHleE7fs=,iZwJh2I8SSGDizf6HstfWbpTRlM=
-53,-46,wupgEkP+z732FZboD1WUHleE7fs=,iZwJh2I8SSGDizf6HstfWbpTRlM=
-52,-44,wupgEkP+z732FZboD1WUHleE7fs=,iZwJh2I8SSGDizf6HstfWbpTRlM=
-55,-46,wupgEkP+z732FZboD1WUHleE7fs=,iZwJh2I8SSGDizf6HstfWbpTRlM=
-55,-45,wupgEkP+z732FZboD1WUHleE7fs=,iZwJh2I8SSGDizf6HstfWbpTRlM=
-56,-44,wupgEkP+z732FZboD1WUHleE7fs=,iZwJh2I8SSGDizf6HstfWbpTRlM=
-55,-44,wupgEkP+z732FZboD1WUHleE7fs=,iZwJh2I8SSGDizf6HstfWbpTRlM=
-56,-45,wupgEkP+z732FZboD1WUHleE7fs=,iZwJh2I8SSGDizf6HstfWbpTRlM=
-53,-45,wupgEkP+z732FZboD1WUHleE7fs=,iZwJh2I8SSGDizf6HstfWbpTRlM=
-54,-45,wupgEkP+z732FZboD1WUHleE7fs=,iZwJh2I8SSGDizf6HstfWbpTRlM=
-50,-43,wupgEkP+z732FZboD1WUHleE7fs=,iZwJh2I8SSGDizf6HstfWbpTRlM=
-51,-43,wupgEkP+z732FZboD1WUHleE7fs=,iZwJh2I8SSGDizf6HstfWbpTRlM=
-52,-45,wupgEkP+z732FZboD1WUHleE7fs=,iZwJh2I8SSGDizf6HstfWbpTRlM=
-56,-46,wupgEkP+z732FZboD1WUHleE7fs=,iZwJh2I8SSGDizf6HstfWbpTRlM=
-56,-47,wupgEkP+z732FZboD1WUHleE7fs=,iZwJh2I8SSGDizf6HstfWbpTRlM=
-55,-43,wupgEkP+z732FZboD1WUHleE7fs=,iZwJh2I8SSGDizf6HstfWbpTRlM=
-51,-44,wupgEkP+z732FZboD1WUHleE7fs=,iZwJh2I8SSGDizf6HstfWbpTRlM=
-52,-43,wupgEkP+z732FZboD1WUHleE7fs=,iZwJh2I8SSGDizf6HstfWbpTRlM=
-55,-47,wupgEkP+z732FZboD1WUHleE7fs=,iZwJh2I8SSGDizf6HstfWbpTRlM=
-54,-47,wupgEkP+z732FZboD1WUHleE7fs=,iZwJh2I8SSGDizf6HstfWbpTRlM=
-53,-47,wupgEkP+z732FZboD1WUHleE7fs=,iZwJh2I8SSGDizf6HstfWbpTRlM=
-55,-42,wupgEkP+z732FZboD1WUHleE7fs=,iZwJh2I8SSGDizf6HstfWbpTRlM=
-53,-42,wupgEkP+z732FZboD1WUHleE7fs=,iZwJh2I8SSGDizf6HstfWbpTRlM=
-54,-42,wupgEkP+z732FZboD1WUHleE7fs=,iZwJh2I8SSGDizf6HstfWbpTRlM=
-52,-42,wupgEkP+z732FZboD1WUHleE7fs=,iZwJh2I8SSGDizf6HstfWbpTRlM=
-56,-48,wupgEkP+z732FZboD1WUHleE7fs=,iZwJh2I8SSGDizf6HstfWbpTRlM=
-55,-48,wupgEkP+z732FZboD1WUHleE7fs=,iZwJh2I8SSGDizf6HstfWbpTRlM=
-50,-44,wupgEkP+z732FZboD1WUHleE7fs=,iZwJh2I8SSGDizf6HstfWbpTRlM=
-51,-42,wupgEkP+z732FZboD1WUHleE7fs=,iZwJh2I8SSGDizf6HstfWbpTRlM=
-49,-43,wupgEkP+z732FZboD1WUHleE7fs=,iZwJh2I8SSGDizf6HstfWbpTRlM=
-50,-42,wupgEkP+z732FZboD1WUHleE7fs=,iZwJh2I8SSGDizf6HstfWbpTRlM=
-51,-45,wupgEkP+z732FZboD1WUHleE7fs=,iZwJh2I8SSGDizf6HstfWbpTRlM=
-49,-45,wupgEkP+z732FZboD1WUHleE7fs=,iZwJh2I8SSGDizf6HstfWbpTRlM=
-49,-41,wupgEkP+z732FZboD1WUHleE7fs=,iZwJh2I8SSGDizf6HstfWbpTRlM=
-49,-46,wupgEkP+z732FZboD1WUHleE7fs=,iZwJh2I8SSGDizf6HstfWbpTRlM=
-50,-47,wupgEkP+z732FZboD1WUHleE7fs=,iZwJh2I8SSGDizf6HstfWbpTRlM=
-50,-41,wupgEkP+z732FZboD1WUHleE7fs=,iZwJh2I8SSGDizf6HstfWbpTRlM=
-51,-41,wupgEkP+z732FZboD1WUHleE7fs=,iZwJh2I8SSGDizf6HstfWbpTRlM=
-52,-41,wupgEkP+z732FZboD1WUHleE7fs=,iZwJh2I8SSGDizf6HstfWbpTRlM=
-49,-47,wupgEkP+z732FZboD1WUHleE7fs=,iZwJh2I8SSGDizf6HstfWbpTRlM=
-56,-43,wupgEkP+z732FZboD1WUHleE7fs=,iZwJh2I8SSGDizf6HstfWbpTRlM=
-49,-48,wupgEkP+z732FZboD1WUHleE7fs=,iZwJh2I8SSGDizf6HstfWbpTRlM=
-50,-48,wupgEkP+z732FZboD1WUHleE7fs=,iZwJh2I8SSGDizf6HstfWbpTRlM=
-53,-41,wupgEkP+z732FZboD1WUHleE7fs=,iZwJh2I8SSGDizf6HstfWbpTRlM=
-54,-41,wupgEkP+z732FZboD1WUHleE7fs=,iZwJh2I8SSGDizf6HstfWbpTRlM=
-52,-46,wupgEkP+z732FZboD1WUHleE7fs=,iZwJh2I8SSGDizf6HstfWbpTRlM=
-53,-43,wupgEkP+z732FZboD1WUHleE7fs=,iZwJh2I8SSGDizf6HstfWbpTRlM=
-55,-41,wupgEkP+z732FZboD1WUHleE7fs=,iZwJh2I8SSGDizf6HstfWbpTRlM=
-56,-41,wupgEkP+z732FZboD1WUHleE7fs=,iZwJh2I8SSGDizf6HstfWbpTRlM=
-52,-48,wupgEkP+z732FZboD1WUHleE7fs=,iZwJh2I8SSGDizf6HstfWbpTRlM=
-53,-48,wupgEkP+z732FZboD1WUHleE7fs=,iZwJh2I8SSGDizf6HstfWbpTRlM=
-54,-48,wupgEkP+z732FZboD1WUHleE7fs=,iZwJh2I8SSGDizf6HstfWbpTRlM=
-50,-45,wupgEkP+z732FZboD1WUHleE7fs=,iZwJh2I8SSGDizf6HstfWbpTRlM=
-52,-47,wupgEkP+z732FZboD1WUHleE7fs=,iZwJh2I8SSGDizf6HstfWbpTRlM=
-49,-42,wupgEkP+z732FZboD1WUHleE7fs=,iZwJh2I8SSGDizf6HstfWbpTRlM=
-51,-48,wupgEkP+z732FZboD1WUHleE7fs=,iZwJh2I8SSGDizf6HstfWbpTRlM=
-50,-46,wupgEkP+z732FZboD1WUHleE7fs=,iZwJh2I8SSGDizf6HstfWbpTRlM=
-51,-46,wupgEkP+z732FZboD1WUHleE7fs=,iZwJh2I8SSGDizf6HstfWbpTRlM=
-51,-47,wupgEkP+z732FZboD1WUHleE7fs=,iZwJh2I8SSGDizf6HstfWbpTRlM=
-49,-44,wupgEkP+z732FZboD1WUHleE7fs=,iZwJh2I8SSGDizf6HstfWbpTRlM=
