3,39,hpSfnMl7n6874CHq1RHphKhSm98=,12ctXH+3YrJXgqdddz8Zv5zJpUA=
2,39,hpSfnMl7n6874CHq1RHphKhSm98=,12ctXH+3YrJXgqdddz8Zv5zJpUA=
2,35,hpSfnMl7n6874CHq1RHphKhSm98=,12ctXH+3YrJXgqdddz8Zv5zJpUA=
1,36,hpSfnMl7n6874CHq1RHphKhSm98=,12ctXH+3YrJXgqdddz8Zv5zJpUA=
2,36,hpSfnMl7n6874CHq1RHphKhSm98=,12ctXH+3YrJXgqdddz8Zv5zJpUA=
1,35,hpSfnMl7n6874CHq1RHphKhSm98=,12ctXH+3YrJXgqdddz8Zv5zJpUA=
1,39,hpSfnMl7n6874CHq1RHphKhSm98=,12ctXH+3YrJXgqdddz8Zv5zJpUA=
0,39,hpSfnMl7n6874CHq1RHphKhSm98=,12ctXH+3YrJXgqdddz8Zv5zJpUA=
5,38,hpSfnMl7n6874CHq1RHphKhSm98=,12ctXH+3YrJXgqdddz8Zv5zJpUA=
7,38,hpSfnMl7n6874CHq1RHphKhSm98=,12ctXH+3YrJXgqdddz8Zv5zJpUA=
4,38,hpSfnMl7n6874CHq1RHphKhSm98=,12ctXH+3YrJXgqdddz8Zv5zJpUA=
6,38,hpSfnMl7n6874CHq1RHphKhSm98=,12ctXH+3YrJXgqdddz8Zv5zJpUA=
0,35,hpSfnMl7n6874CHq1RHphKhSm98=,12ctXH+3YrJXgqdddz8Zv5zJpUA=
3,38,hpSfnMl7n6874CHq1RHphKhSm98=,12ctXH+3YrJXgqdddz8Zv5zJpUA=
0,36,hpSfnMl7n6874CHq1RHphKhSm98=,12ctXH+3YrJXgqdddz8Zv5zJpUA=
2,38,hpSfnMl7n6874CHq1RHphKhSm98=,12ctXH+3YrJXgqdddz8Zv5zJpUA=
0,38,hpSfnMl7n6874CHq1RHphKhSm98=,12ctXH+3YrJXgqdddz8Zv5zJpUA=
1,38,hpSfnMl7n6874CHq1RHphKhSm98=,12ctXH+3YrJXgqdddz8Zv5zJpUA=
7,37,hpSfnMl7n6874CHq1RHphKhSm98=,12ctXH+3YrJXgqdddz8Zv5zJpUA=
7,35,hpSfnMl7n6874CHq1RHphKhSm98=,12ctXH+3YrJXgqdddz8Zv5zJpUA=
6,37,hpSfnMl7n6874CHq1RHphKhSm98=,12ctXH+3YrJXgqdddz8Zv5zJpUA=
6,39,hpSfnMl7n6874CHq1RHphKhSm98=,12ctXH+3YrJXgqdddz8Zv5zJpUA=
7,39,hpSfnMl7n6874CHq1RHphKhSm98=,12ctXH+3YrJXgqdddz8Zv5zJpUA=
4,39,hpSfnMl7n6874CHq1RHphKhSm98=,12ctXH+3YrJXgqdddz8Zv5zJpUA=
5,37,hpSfnMl7n6874CHq1RHphKhSm98=,12ctXH+3YrJXgqdddz8Zv5zJpUA=
3,36,hpSfnMl7n6874CHq1RHphKhSm98=,12ctXH+3YrJXgqdddz8Zv5zJpUA=
5,39,hpSfnMl7n6874CHq1RHphKhSm98=,12ctXH+3YrJXgqdddz8Zv5zJpUA=
4,37,hpSfnMl7n6874CHq1RHphKhSm98=,12ctXH+3YrJXgqdddz8Zv5zJpUA=
3,37,hpSfnMl7n6874CHq1RHphKhSm98=,12ctXH+3YrJXgqdddz8Zv5zJpUA=
2,37,hpSfnMl7n6874CHq1RHphKhSm98=,12ctXH+3YrJXgqdddz8Zv5zJpUA=
1,37,hpSfnMl7n6874CHq1RHphKhSm98=,12ctXH+3YrJXgqdddz8Zv5zJpUA=
0,37,hpSfnMl7n6874CHq1RHphKhSm98=,12ctXH+3YrJXgqdddz8Zv5zJpUA=
7,36,hpSfnMl7n6874CHq1RHphKhSm98=,12ctXH+3YrJXgqdddz8Zv5zJpUA=
6,36,hpSfnMl7n6874CHq1RHphKhSm98=,12ctXH+3YrJXgqdddz8Zv5zJpUA=
5,36,hpSfnMl7n6874CHq1RHphKhSm98=,12ctXH+3YrJXgqdddz8Zv5zJpUA=
6,35,hpSfnMl7n6874CHq1RHphKhSm98=,12ctXH+3YrJXgqdddz8Zv5zJpUA=
4,36,hpSfnMl7n6874CHq1RHphKhSm98=,12ctXH+3YrJXgqdddz8Zv5zJpUA=
5,35,hpSfnMl7n6874CHq1RHphKhSm98=,12ctXH+3YrJXgqdddz8Zv5zJpUA=
4,35,hpSfnMl7n6874CHq1RHphKhSm98=,12ctXH+3YrJXgqdddz8Zv5zJpUA=
3,35,hpSfnMl7n6874CHq1RHphKhSm98=,12ctXH+3YrJXgqdddz8Zv5zJpUA=
1,34,hpSfnMl7n6874CHq1RHphKhSm98=,12ctXH+3YrJXgqdddz8Zv5zJpUA=
7,33,hpSfnMl7n6874CHq1RHphKhSm98=,12ctXH+3YrJXgqdddz8Zv5zJpUA=
0,34,hpSfnMl7n6874CHq1RHphKhSm98=,12ctXH+3YrJXgqdddz8Zv5zJpUA=
5,33,hpSfnMl7n6874CHq1RHphKhSm98=,12ctXH+3YrJXgqdddz8Zv5zJpUA=
2,34,hpSfnMl7n6874CHq1RHphKhSm98=,12ctXH+3YrJXgqdddz8Zv5zJpUA=
3,34,hpSfnMl7n6874CHq1RHphKhSm98=,12ctXH+3YrJXgqdddz8Zv5zJpUA=
6,33,hpSfnMl7n6874CHq1RHphKhSm98=,12ctXH+3YrJXgqdddz8Zv5zJpUA=
4,34,hpSfnMl7n6874CHq1RHphKhSm98=,12ctXH+3YrJXgqdddz8Zv5zJpUA=
7,32,hpSfnMl7n6874CHq1RHphKhSm98=,12ctXH+3YrJXgqdddz8Zv5zJpUA=
5,34,hpSfnMl7n6874CHq1RHphKhSm98=,12ctXH+3YrJXgqdddz8Zv5zJpUA=
6,32,hpSfnMl7n6874CHq1RHphKhSm98=,12ctXH+3YrJXgqdddz8Zv5zJpUA=
5,32,hpSfnMl7n6874CHq1RHphKhSm98=,12ctXH+3YrJXgqdddz8Zv5zJpUA=
4,33,hpSfnMl7n6874CHq1RHphKhSm98=,12ctXH+3YrJXgqdddz8Zv5zJpUA=
7,34,hpSfnMl7n6874CHq1RHphKhSm98=,12ctXH+3YrJXgqdddz8Zv5zJpUA=
2,33,hpSfnMl7n6874CHq1RHphKhSm98=,12ctXH+3YrJXgqdddz8Zv5zJpUA=
4,32,hpSfnMl7n6874CHq1RHphKhSm98=,12ctXH+3YrJXgqdddz8Zv5zJpUA=
6,34,hpSfnMl7n6874CHq1RHphKhSm98=,12ctXH+3YrJXgqdddz8Zv5zJpUA=
3,33,hpSfnMl7n6874CHq1RHphKhSm98=,12ctXH+3YrJXgqdddz8Zv5zJpUA=
0,32,hpSfnMl7n6874CHq1RHphKhSm98=,12ctXH+3YrJXgqdddz8Zv5zJpUA=
0,33,hpSfnMl7n6874CHq1RHphKhSm98=,12ctXH+3YrJXgqdddz8Zv5zJpUA=
2,32,hpSfnMl7n6874CHq1RHphKhSm98=,12ctXH+3YrJXgqdddz8Zv5zJpUA=
3,32,hpSfnMl7n6874CHq1RHphKhSm98=,12ctXH+3YrJXgqdddz8Zv5zJpUA=
1,33,hpSfnMl7n6874CHq1RHphKhSm98=,12ctXH+3YrJXgqdddz8Zv5zJpUA=
1,32,hpSfnMl7n6874CHq1RHphKhSm98=,12ctXH+3YrJXgqdddz8Zv5zJpUA=
